{
  "readmission": {
    "n": 5695,
    "positives": 246,
    "prevalence": 0.04319578577699736,
    "roc_auc": 0.6086408037873736,
    "pr_auc": 0.061182636769388773,
    "brier": 0.041098549276508085,
    "ece": 0.00813094920799833,
    "threshold": 0.0535301654012167,
    "precision": 0.06662628709872805,
    "recall": 0.44715447154471544,
    "f1": 0.11597258829731154,
    "specificity": 0.7171958157460084,
    "accuracy": 0.705531167690957,
    "cm": {
      "tp": 110,
      "tn": 3908,
      "fp": 1541,
      "fn": 136
    },
    "calibration_bins": {
      "bin": [
        "(0.00268, 0.0205]",
        "(0.0205, 0.0241]",
        "(0.0241, 0.0304]",
        "(0.0304, 0.0383]",
        "(0.0383, 0.044]",
        "(0.044, 0.0476]",
        "(0.0476, 0.0534]",
        "(0.0534, 0.0581]",
        "(0.0581, 0.0657]",
        "(0.0657, 0.105]"
      ],
      "count": [
        717,
        422,
        570,
        569,
        571,
        568,
        572,
        590,
        594,
        522
      ],
      "mean_proba": [
        0.019298670419580548,
        0.02238127228863831,
        0.027180279462052603,
        0.034359424986160535,
        0.04135281715768564,
        0.04618699290764438,
        0.050589866960808014,
        0.055464164290712735,
        0.0623610672303401,
        0.07874906150325581
      ],
      "empirical_rate": [
        0.026499302649930265,
        0.004739336492890996,
        0.03859649122807018,
        0.03866432337434095,
        0.03327495621716287,
        0.04929577464788732,
        0.038461538461538464,
        0.06610169491525424,
        0.05723905723905724,
        0.07471264367816093
      ]
    }
  }
}