{
  "readmission": {
    "n": 5695,
    "positives": 246,
    "prevalence": 0.04319578577699736,
    "roc_auc": 0.5982491752794203,
    "pr_auc": 0.05997223611845486,
    "brier": 0.04116081108071175,
    "ece": 0.0034708761600555234,
    "threshold": 0.05748455489825238,
    "precision": 0.07222699914015478,
    "recall": 0.34146341463414637,
    "f1": 0.11923349893541518,
    "specificity": 0.8019820150486328,
    "accuracy": 0.7820895522388059,
    "cm": {
      "tp": 84,
      "tn": 4370,
      "fp": 1079,
      "fn": 162
    },
    "calibration_bins": {
      "bin": [
        "(0.0049, 0.0258]",
        "(0.0258, 0.0274]",
        "(0.0274, 0.0302]",
        "(0.0302, 0.0357]",
        "(0.0357, 0.0413]",
        "(0.0413, 0.0468]",
        "(0.0468, 0.0519]",
        "(0.0519, 0.0575]",
        "(0.0575, 0.0655]",
        "(0.0655, 0.266]"
      ],
      "count": [
        791,
        352,
        568,
        567,
        570,
        577,
        563,
        584,
        554,
        569
      ],
      "mean_proba": [
        0.025305156289950104,
        0.02636540390382228,
        0.028707713932130393,
        0.03271620769260699,
        0.038618966565233386,
        0.0440306779182532,
        0.049412208386384,
        0.0547929849965363,
        0.061104500251339046,
        0.07356712534753419
      ],
      "empirical_rate": [
        0.025284450063211124,
        0.03409090909090909,
        0.02992957746478873,
        0.03880070546737213,
        0.03333333333333333,
        0.03986135181975736,
        0.0497335701598579,
        0.046232876712328765,
        0.06498194945848375,
        0.07381370826010544
      ]
    }
  }
}