{
  "value": 0.601072099452872,
  "params": {
    "model_type": "logreg",
    "C": 0.08916119156368749,
    "pos_weight": 0.6780395659777552,
    "min_recall": null
  },
  "summary": {
    "model_type": "logreg",
    "pos_weight": 0.6780395659777552,
    "C": 0.08916119156368749,
    "min_recall": null,
    "roc_auc": 0.601072099452872,
    "pr_auc": 0.06034734847156273,
    "f1": 0.12258953168044077,
    "precision": 0.07379767827529021,
    "recall": 0.3617886178861789,
    "brier": 0.04114423887876476,
    "ece": 0.006535755688481761,
    "threshold": 0.056503161933075786,
    "run_dir": "project\\runs\\20250905_143527\\optuna_smoke\\trial_4\\logreg_pw0.6780395659777552_C0.08916119156368749"
  }
}