{
  "readmission": {
    "n": 5695,
    "positives": 246,
    "prevalence": 0.04319578577699736,
    "roc_auc": 0.6133780047655496,
    "pr_auc": 0.061646645813807105,
    "brier": 0.041097541047768776,
    "ece": 0.006821861447258818,
    "threshold": 0.06709779215097653,
    "precision": 0.08695652173913043,
    "recall": 0.21138211382113822,
    "f1": 0.12322274881516587,
    "specificity": 0.8997981280968985,
    "accuracy": 0.8700614574187884,
    "cm": {
      "tp": 52,
      "tn": 4903,
      "fp": 546,
      "fn": 194
    },
    "calibration_bins": {
      "bin": [
        "(-0.001, 0.0193]",
        "(0.0193, 0.0235]",
        "(0.0235, 0.0298]",
        "(0.0298, 0.0378]",
        "(0.0378, 0.0443]",
        "(0.0443, 0.0487]",
        "(0.0487, 0.0531]",
        "(0.0531, 0.059]",
        "(0.059, 0.0671]",
        "(0.0671, 0.131]"
      ],
      "count": [
        580,
        583,
        546,
        569,
        570,
        574,
        570,
        573,
        571,
        559
      ],
      "mean_proba": [
        0.01865668155729971,
        0.021875160393691327,
        0.026647176757924294,
        0.03371755923007184,
        0.040680990938231666,
        0.04628786681347134,
        0.05069225356899932,
        0.056034129725444984,
        0.0630029466103102,
        0.07883969109096867
      ],
      "empirical_rate": [
        0.02413793103448276,
        0.015437392795883362,
        0.040293040293040296,
        0.028119507908611598,
        0.043859649122807015,
        0.03484320557491289,
        0.05087719298245614,
        0.059336823734729496,
        0.050788091068301226,
        0.08586762075134168
      ]
    }
  }
}