{
  "mortality": {
    "n": 5695,
    "positives": 622,
    "prevalence": 0.10921861281826163,
    "roc_auc": 0.8246163885091173,
    "pr_auc": 0.3677461150770284,
    "brier": 0.08123216333880352,
    "ece": 0.005793177993470907,
    "threshold": 0.24409520408112834,
    "precision": 0.36681715575620766,
    "recall": 0.522508038585209,
    "f1": 0.43103448275862066,
    "specificity": 0.8894145476049675,
    "accuracy": 0.8493415276558385,
    "cm": {
      "tp": 325,
      "tn": 4512,
      "fp": 561,
      "fn": 297
    },
    "calibration_bins": {
      "bin": [
        "(0.0054, 0.0114]",
        "(0.0114, 0.0135]",
        "(0.0135, 0.019]",
        "(0.019, 0.0405]",
        "(0.0405, 0.0566]",
        "(0.0566, 0.0827]",
        "(0.0827, 0.129]",
        "(0.129, 0.195]",
        "(0.195, 0.312]",
        "(0.312, 0.68]"
      ],
      "count": [
        607,
        535,
        569,
        569,
        569,
        569,
        568,
        570,
        569,
        570
      ],
      "mean_proba": [
        0.010253783855557466,
        0.011885485027103649,
        0.01598266066113753,
        0.02977031325693345,
        0.04858326992550187,
        0.06848347641352576,
        0.10413016791997373,
        0.1592768757432273,
        0.24923554877792778,
        0.41399664287969945
      ],
      "empirical_rate": [
        0.013179571663920923,
        0.009345794392523364,
        0.007029876977152899,
        0.02460456942003515,
        0.0492091388400703,
        0.07381370826010544,
        0.11443661971830986,
        0.14736842105263157,
        0.24428822495606328,
        0.4087719298245614
      ]
    }
  },
  "prolonged_los": {
    "n": 5695,
    "positives": 2976,
    "prevalence": 0.5225636523266023,
    "roc_auc": 0.9989107416151575,
    "pr_auc": 0.9991649156681097,
    "brier": 0.010183138011639873,
    "ece": 0.0048654369489286,
    "threshold": 0.6289424344442358,
    "precision": 0.9935396123767426,
    "recall": 0.9818548387096774,
    "f1": 0.9876626668920061,
    "specificity": 0.9930121368150056,
    "accuracy": 0.9871817383669886,
    "cm": {
      "tp": 2922,
      "tn": 2700,
      "fp": 19,
      "fn": 54
    },
    "calibration_bins": {
      "bin": [
        "(0.0001454, 0.0008576]",
        "(0.0008576, 0.001625]",
        "(0.001625, 0.002174]",
        "(0.002174, 0.009757]",
        "(0.009757, 0.8958]",
        "(0.8958, 0.9944]",
        "(0.9944, 0.9987]",
        "(0.9987, 0.9988]",
        "(0.9988, 0.9994]",
        "(0.9994, 1.0]"
      ],
      "count": [
        852,
        536,
        377,
        514,
        569,
        662,
        814,
        572,
        444,
        355
      ],
      "mean_proba": [
        0.0008533220785620079,
        0.00161747739632948,
        0.0020196182893503045,
        0.00462439349432253,
        0.26033422094372355,
        0.9843577012971595,
        0.997566730138456,
        0.9988433050863453,
        0.999319592342659,
        0.9999982930043438
      ],
      "empirical_rate": [
        0.0011737089201877935,
        0.0,
        0.0,
        0.0,
        0.23374340949033393,
        0.9924471299093656,
        1.0,
        1.0,
        1.0,
        1.0
      ]
    }
  },
  "readmission": {
    "n": 5695,
    "positives": 246,
    "prevalence": 0.04319578577699736,
    "roc_auc": 0.6002145541734367,
    "pr_auc": 0.06268285581541735,
    "brier": 0.0411071932288317,
    "ece": 0.0034740486678355646,
    "threshold": 0.05813942813321299,
    "precision": 0.07903780068728522,
    "recall": 0.2804878048780488,
    "f1": 0.12332439678284182,
    "specificity": 0.8524499908240044,
    "accuracy": 0.8277436347673398,
    "cm": {
      "tp": 69,
      "tn": 4645,
      "fp": 804,
      "fn": 177
    },
    "calibration_bins": {
      "bin": [
        "(-0.001, 0.0198]",
        "(0.0198, 0.0266]",
        "(0.0266, 0.0333]",
        "(0.0333, 0.0395]",
        "(0.0395, 0.0435]",
        "(0.0435, 0.0474]",
        "(0.0474, 0.052]",
        "(0.052, 0.0554]",
        "(0.0554, 0.0646]",
        "(0.0646, 0.118]"
      ],
      "count": [
        644,
        495,
        572,
        570,
        624,
        512,
        667,
        472,
        569,
        570
      ],
      "mean_proba": [
        0.018245571627475844,
        0.022751801563677634,
        0.030014793865669853,
        0.03631985716511586,
        0.04179980422219442,
        0.045585879744994284,
        0.05013484469845047,
        0.05374198794936704,
        0.05905780881583417,
        0.07711848602302955
      ],
      "empirical_rate": [
        0.021739130434782608,
        0.024242424242424242,
        0.03671328671328671,
        0.03859649122807018,
        0.041666666666666664,
        0.041015625,
        0.047976011994003,
        0.04025423728813559,
        0.05975395430579965,
        0.07894736842105263
      ]
    }
  }
}