{
  "readmission": {
    "n": 5695,
    "positives": 246,
    "prevalence": 0.04319578577699736,
    "roc_auc": 0.5909098708348067,
    "pr_auc": 0.05991996831220246,
    "brier": 0.04121667117252174,
    "ece": 0.009419710477974616,
    "threshold": 0.06280796615903708,
    "precision": 0.09401709401709402,
    "recall": 0.22357723577235772,
    "f1": 0.13237063778580024,
    "specificity": 0.9027344466874656,
    "accuracy": 0.8733977172958736,
    "cm": {
      "tp": 55,
      "tn": 4919,
      "fp": 530,
      "fn": 191
    },
    "calibration_bins": {
      "bin": [
        "(0.0027, 0.0203]",
        "(0.0203, 0.0265]",
        "(0.0265, 0.0349]",
        "(0.0349, 0.0404]",
        "(0.0404, 0.0437]",
        "(0.0437, 0.048]",
        "(0.048, 0.0527]",
        "(0.0527, 0.0558]",
        "(0.0558, 0.063]",
        "(0.063, 0.172]"
      ],
      "count": [
        572,
        567,
        578,
        561,
        590,
        549,
        613,
        528,
        577,
        560
      ],
      "mean_proba": [
        0.018991595588559427,
        0.023533950480825485,
        0.03057341629302455,
        0.038001340028271054,
        0.0421534856917218,
        0.04593095986906593,
        0.050326429073392256,
        0.05376455583948013,
        0.0592058699031012,
        0.07380597618970675
      ],
      "empirical_rate": [
        0.024475524475524476,
        0.02292768959435626,
        0.04498269896193772,
        0.044563279857397504,
        0.03389830508474576,
        0.03825136612021858,
        0.04241435562805873,
        0.043560606060606064,
        0.045060658578856154,
        0.09285714285714286
      ]
    }
  }
}