{
  "model_type": "logreg",
  "pos_weight": 3.3681895888162505,
  "C": 0.10802612792354227,
  "min_recall": null,
  "roc_auc": 0.5909098708348067,
  "pr_auc": 0.05991996831220246,
  "f1": 0.13237063778580024,
  "precision": 0.09401709401709402,
  "recall": 0.22357723577235772,
  "brier": 0.04121667117252174,
  "ece": 0.009419710477974616,
  "threshold": 0.06280796615903708,
  "run_dir": "project/runs/optuna_short\\trial_0\\logreg_pw3.3681895888162505_C0.10802612792354227"
}