{
  "readmission": {
    "n": 5695,
    "positives": 246,
    "prevalence": 0.04319578577699736,
    "roc_auc": 0.6120131686727034,
    "pr_auc": 0.06285680269263999,
    "brier": 0.04107141279320063,
    "ece": 0.005607765453454503,
    "threshold": 0.06827900255256762,
    "precision": 0.08712121212121213,
    "recall": 0.18699186991869918,
    "f1": 0.11886304909560723,
    "specificity": 0.9115434024591669,
    "accuracy": 0.8802458296751536,
    "cm": {
      "tp": 46,
      "tn": 4967,
      "fp": 482,
      "fn": 200
    },
    "calibration_bins": {
      "bin": [
        "(0.00245, 0.0196]",
        "(0.0196, 0.0249]",
        "(0.0249, 0.0304]",
        "(0.0304, 0.0375]",
        "(0.0375, 0.0441]",
        "(0.0441, 0.0479]",
        "(0.0479, 0.0523]",
        "(0.0523, 0.0582]",
        "(0.0582, 0.0676]",
        "(0.0676, 0.119]"
      ],
      "count": [
        603,
        536,
        572,
        567,
        570,
        577,
        561,
        570,
        569,
        570
      ],
      "mean_proba": [
        0.01860228889966129,
        0.02230745980998439,
        0.027676301169025412,
        0.03392624723288318,
        0.04080549561298982,
        0.046095442366763745,
        0.05008294452195881,
        0.05501190713158562,
        0.06270078896603025,
        0.07846076868951926
      ],
      "empirical_rate": [
        0.028192371475953566,
        0.011194029850746268,
        0.033216783216783216,
        0.04056437389770723,
        0.04035087719298246,
        0.038128249566724434,
        0.049910873440285206,
        0.04912280701754386,
        0.05799648506151142,
        0.0824561403508772
      ]
    }
  }
}