{
  "readmission": {
    "n": 5695,
    "positives": 246,
    "prevalence": 0.04319578577699736,
    "roc_auc": 0.6151718000020888,
    "pr_auc": 0.0629025799022441,
    "brier": 0.041114484081865764,
    "ece": 0.005405242034063446,
    "threshold": 0.061007595049619244,
    "precision": 0.07742639040348964,
    "recall": 0.2886178861788618,
    "f1": 0.12209802235597593,
    "specificity": 0.8447421545237658,
    "accuracy": 0.8207199297629499,
    "cm": {
      "tp": 71,
      "tn": 4603,
      "fp": 846,
      "fn": 175
    },
    "calibration_bins": {
      "bin": [
        "(0.0023, 0.0202]",
        "(0.0202, 0.0254]",
        "(0.0254, 0.0324]",
        "(0.0324, 0.0378]",
        "(0.0378, 0.0414]",
        "(0.0414, 0.0465]",
        "(0.0465, 0.0525]",
        "(0.0525, 0.058]",
        "(0.058, 0.0657]",
        "(0.0657, 0.23]"
      ],
      "count": [
        622,
        518,
        569,
        569,
        570,
        575,
        563,
        630,
        509,
        570
      ],
      "mean_proba": [
        0.019209498913730392,
        0.023338398039423218,
        0.02854257274163276,
        0.035208004811130504,
        0.03947501204071448,
        0.04384639765875517,
        0.049321494870868426,
        0.05499642582192601,
        0.06237915335360959,
        0.08118277501852415
      ],
      "empirical_rate": [
        0.027331189710610933,
        0.013513513513513514,
        0.028119507908611598,
        0.03690685413005272,
        0.02982456140350877,
        0.05565217391304348,
        0.046181172291296625,
        0.05714285714285714,
        0.05697445972495088,
        0.07894736842105263
      ]
    }
  }
}