{
  "readmission": {
    "n": 5695,
    "positives": 246,
    "prevalence": 0.04319578577699736,
    "roc_auc": 0.5886389984288906,
    "pr_auc": 0.059734718495772166,
    "brier": 0.04120312646974061,
    "ece": 0.00601235113546668,
    "threshold": 0.060372895484895106,
    "precision": 0.07929515418502203,
    "recall": 0.21951219512195122,
    "f1": 0.11650485436893204,
    "specificity": 0.8849330152321527,
    "accuracy": 0.8561896400351185,
    "cm": {
      "tp": 54,
      "tn": 4822,
      "fp": 627,
      "fn": 192
    },
    "calibration_bins": {
      "bin": [
        "(-0.001, 0.0231]",
        "(0.0231, 0.0275]",
        "(0.0275, 0.0335]",
        "(0.0335, 0.0406]",
        "(0.0406, 0.0449]",
        "(0.0449, 0.0478]",
        "(0.0478, 0.0511]",
        "(0.0511, 0.0558]",
        "(0.0558, 0.0604]",
        "(0.0604, 0.128]"
      ],
      "count": [
        594,
        618,
        498,
        586,
        631,
        499,
        562,
        574,
        574,
        559
      ],
      "mean_proba": [
        0.021369861639044845,
        0.025940695897706582,
        0.03019058791906113,
        0.03732821678952784,
        0.04326398001080256,
        0.04642322690292005,
        0.049658053278165616,
        0.05343434397142574,
        0.05864398764568695,
        0.06979474525948716
      ],
      "empirical_rate": [
        0.025252525252525252,
        0.02750809061488673,
        0.03815261044176707,
        0.042662116040955635,
        0.03169572107765452,
        0.036072144288577156,
        0.05516014234875445,
        0.04529616724738676,
        0.05749128919860627,
        0.07513416815742398
      ]
    }
  }
}