{
  "readmission": {
    "n": 5695,
    "positives": 246,
    "prevalence": 0.04319578577699736,
    "roc_auc": 0.6259875385503718,
    "pr_auc": 0.06693898485179435,
    "brier": 0.04101409538372656,
    "ece": 0.004549182569616708,
    "threshold": 0.05013189132394633,
    "precision": 0.06804238706079196,
    "recall": 0.4959349593495935,
    "f1": 0.11966650318783717,
    "specificity": 0.6933382271976509,
    "accuracy": 0.684811237928007,
    "cm": {
      "tp": 122,
      "tn": 3778,
      "fp": 1671,
      "fn": 124
    },
    "calibration_bins": {
      "bin": [
        "(0.0015500000000000002, 0.016]",
        "(0.016, 0.033]",
        "(0.033, 0.0389]",
        "(0.0389, 0.043]",
        "(0.043, 0.0445]",
        "(0.0445, 0.0475]",
        "(0.0475, 0.0505]",
        "(0.0505, 0.0546]",
        "(0.0546, 0.063]",
        "(0.063, 0.136]"
      ],
      "count": [
        570,
        569,
        571,
        612,
        544,
        551,
        570,
        589,
        549,
        570
      ],
      "mean_proba": [
        0.007424099362054473,
        0.026983716922632565,
        0.03589119891070778,
        0.04103227108669393,
        0.04377490126493829,
        0.04629631321003029,
        0.04895431290210859,
        0.052415020951712056,
        0.05823649491385721,
        0.07474631314720039
      ],
      "empirical_rate": [
        0.014035087719298246,
        0.0210896309314587,
        0.0297723292469352,
        0.04084967320261438,
        0.034926470588235295,
        0.043557168784029036,
        0.04912280701754386,
        0.06112054329371817,
        0.06375227686703097,
        0.07368421052631578
      ]
    }
  }
}