{
  "model_type": "hgb",
  "pos_weight": 0.7585584872366262,
  "C": 4.947215187563268,
  "min_recall": null,
  "feature_select_C": 0.05599998735652514,
  "phenotype_clusters": 6,
  "stack_readmission": 0,
  "roc_auc": 0.6259875385503718,
  "pr_auc": 0.06693898485179435,
  "f1": 0.11966650318783717,
  "precision": 0.06804238706079196,
  "recall": 0.4959349593495935,
  "brier": 0.04101409538372656,
  "ece": 0.004549182569616708,
  "threshold": 0.05013189132394633,
  "run_dir": "project/tuning/hgb_joint\\trial_3\\hgb_pw0.7585584872366262_C4.947215187563268_fs0.05599998735652514_ph6"
}