{
  "model_type": "logreg",
  "pos_weight": 0.6070929480880249,
  "C": 1.4324678143536642,
  "min_recall": null,
  "feature_select_C": 0.2982552056863965,
  "phenotype_clusters": 6,
  "stack_readmission": 0,
  "roc_auc": 0.6127893982188124,
  "pr_auc": 0.06275336906093104,
  "f1": 0.11910112359550562,
  "precision": 0.08229813664596274,
  "recall": 0.21544715447154472,
  "brier": 0.041101427541001885,
  "ece": 0.005705979122242837,
  "threshold": 0.06652625713754733,
  "run_dir": "project/tuning/logistic_joint\\trial_10\\logreg_pw0.6070929480880249_C1.4324678143536642_fs0.2982552056863965_ph6"
}