{
  "readmission": {
    "n": 5695,
    "positives": 246,
    "prevalence": 0.04319578577699736,
    "roc_auc": 0.6001071278835379,
    "pr_auc": 0.05961749299205431,
    "brier": 0.041171813543659015,
    "ece": 0.00488966638477834,
    "threshold": 0.0668207746214077,
    "precision": 0.08308157099697885,
    "recall": 0.22357723577235772,
    "f1": 0.1211453744493392,
    "specificity": 0.8886034134703615,
    "accuracy": 0.8598770851624232,
    "cm": {
      "tp": 55,
      "tn": 4842,
      "fp": 607,
      "fn": 191
    },
    "calibration_bins": {
      "bin": [
        "(0.00238, 0.0206]",
        "(0.0206, 0.0241]",
        "(0.0241, 0.031]",
        "(0.031, 0.0378]",
        "(0.0378, 0.0431]",
        "(0.0431, 0.0473]",
        "(0.0473, 0.0515]",
        "(0.0515, 0.0569]",
        "(0.0569, 0.0679]",
        "(0.0679, 0.196]"
      ],
      "count": [
        720,
        422,
        571,
        600,
        569,
        578,
        527,
        576,
        565,
        567
      ],
      "mean_proba": [
        0.019088864247657295,
        0.022368594144997915,
        0.02766320086066405,
        0.0347681268912641,
        0.041030055583965296,
        0.04548946655220946,
        0.049922551187986546,
        0.053846063169619846,
        0.062561021624936,
        0.07808263171661631
      ],
      "empirical_rate": [
        0.019444444444444445,
        0.02843601895734597,
        0.04203152364273205,
        0.03333333333333333,
        0.033391915641476276,
        0.04325259515570934,
        0.05502846299810247,
        0.050347222222222224,
        0.05309734513274336,
        0.07760141093474426
      ]
    }
  }
}