{
  "readmission": {
    "n": 5695,
    "positives": 246,
    "prevalence": 0.04319578577699736,
    "roc_auc": 0.6122522667693184,
    "pr_auc": 0.06388198307825911,
    "brier": 0.041083061708673686,
    "ece": 0.006136406639003201,
    "threshold": 0.07096150527462032,
    "precision": 0.0944206008583691,
    "recall": 0.17886178861788618,
    "f1": 0.12359550561797752,
    "specificity": 0.9225545971737934,
    "accuracy": 0.8904302019315189,
    "cm": {
      "tp": 44,
      "tn": 5027,
      "fp": 422,
      "fn": 202
    },
    "calibration_bins": {
      "bin": [
        "(-0.001, 0.019]",
        "(0.019, 0.0251]",
        "(0.0251, 0.0305]",
        "(0.0305, 0.0369]",
        "(0.0369, 0.0428]",
        "(0.0428, 0.0478]",
        "(0.0478, 0.0529]",
        "(0.0529, 0.0584]",
        "(0.0584, 0.0681]",
        "(0.0681, 0.146]"
      ],
      "count": [
        596,
        543,
        570,
        569,
        570,
        569,
        602,
        543,
        563,
        570
      ],
      "mean_proba": [
        0.017642593077595404,
        0.021943486560350226,
        0.027871028928761647,
        0.033939371043485364,
        0.039757345711797114,
        0.045116377529136636,
        0.050580204945580014,
        0.05558558069994933,
        0.06246967940764187,
        0.08133217543794515
      ],
      "empirical_rate": [
        0.02348993288590604,
        0.016574585635359115,
        0.028070175438596492,
        0.043936731107205626,
        0.04035087719298246,
        0.0492091388400703,
        0.03986710963455149,
        0.06077348066298342,
        0.046181172291296625,
        0.08421052631578947
      ]
    }
  }
}