{
  "readmission": {
    "n": 5695,
    "positives": 246,
    "prevalence": 0.04319578577699736,
    "roc_auc": 0.6103137444477766,
    "pr_auc": 0.06339429765457413,
    "brier": 0.04108387345108754,
    "ece": 0.00577022228286801,
    "threshold": 0.06561834121415375,
    "precision": 0.08620689655172414,
    "recall": 0.22357723577235772,
    "f1": 0.1244343891402715,
    "specificity": 0.8930078913562122,
    "accuracy": 0.8640913081650571,
    "cm": {
      "tp": 55,
      "tn": 4866,
      "fp": 583,
      "fn": 191
    },
    "calibration_bins": {
      "bin": [
        "(0.00257, 0.0195]",
        "(0.0195, 0.0246]",
        "(0.0246, 0.0313]",
        "(0.0313, 0.038]",
        "(0.038, 0.0434]",
        "(0.0434, 0.048]",
        "(0.048, 0.053]",
        "(0.053, 0.0577]",
        "(0.0577, 0.0677]",
        "(0.0677, 0.151]"
      ],
      "count": [
        620,
        524,
        566,
        568,
        584,
        593,
        553,
        567,
        551,
        569
      ],
      "mean_proba": [
        0.018293162334477007,
        0.022263254119474274,
        0.028200013239554168,
        0.03488951932260719,
        0.04085681883576033,
        0.045892136446201444,
        0.05071353120749686,
        0.05546140733197473,
        0.061938918746067974,
        0.07848420702643098
      ],
      "empirical_rate": [
        0.025806451612903226,
        0.013358778625954198,
        0.0353356890459364,
        0.03697183098591549,
        0.04280821917808219,
        0.04215851602023609,
        0.0379746835443038,
        0.054673721340388004,
        0.056261343012704176,
        0.08611599297012303
      ]
    }
  }
}