{
  "readmission": {
    "n": 5695,
    "positives": 246,
    "prevalence": 0.04319578577699736,
    "roc_auc": 0.5954187909469479,
    "pr_auc": 0.06010391502213744,
    "brier": 0.04115138553311081,
    "ece": 0.005452363120499873,
    "threshold": 0.06211457976685655,
    "precision": 0.08380681818181818,
    "recall": 0.23983739837398374,
    "f1": 0.12421052631578948,
    "specificity": 0.8816296568177647,
    "accuracy": 0.8539069359086918,
    "cm": {
      "tp": 59,
      "tn": 4804,
      "fp": 645,
      "fn": 187
    },
    "calibration_bins": {
      "bin": [
        "(-0.001, 0.0207]",
        "(0.0207, 0.0271]",
        "(0.0271, 0.0338]",
        "(0.0338, 0.0407]",
        "(0.0407, 0.0448]",
        "(0.0448, 0.0481]",
        "(0.0481, 0.0517]",
        "(0.0517, 0.0562]",
        "(0.0562, 0.0631]",
        "(0.0631, 0.0998]"
      ],
      "count": [
        638,
        501,
        570,
        570,
        571,
        580,
        556,
        571,
        611,
        527
      ],
      "mean_proba": [
        0.01856007688886394,
        0.024069405685576133,
        0.030150848032505857,
        0.037320306099604815,
        0.042764371040249924,
        0.04656973628770959,
        0.04977866080651539,
        0.05338740746657294,
        0.059835591059438156,
        0.07350991838688423
      ],
      "empirical_rate": [
        0.02037617554858934,
        0.027944111776447105,
        0.042105263157894736,
        0.04035087719298246,
        0.03502626970227671,
        0.034482758620689655,
        0.048561151079136694,
        0.050788091068301226,
        0.05564648117839607,
        0.07969639468690702
      ]
    }
  }
}