{
  "model_type": "logreg",
  "pos_weight": 1.0,
  "C": 1.0,
  "min_recall": 0.15,
  "roc_auc": 0.5954187909469479,
  "pr_auc": 0.06010391502213744,
  "f1": 0.12421052631578948,
  "precision": 0.08380681818181818,
  "recall": 0.23983739837398374,
  "brier": 0.04115138553311081,
  "ece": 0.005452363120499873,
  "threshold": 0.06211457976685655,
  "run_dir": "project\\runs\\20250905_143527\\tune_smoke\\logreg_pw1.0_C1.0_r0.15"
}