{
  "model_type": "logreg",
  "pos_weight": 3.7067905265328345,
  "C": 2.490907074494329,
  "min_recall": null,
  "roc_auc": 0.5886389984288906,
  "pr_auc": 0.059734718495772166,
  "f1": 0.11650485436893204,
  "precision": 0.07929515418502203,
  "recall": 0.21951219512195122,
  "brier": 0.04120312646974061,
  "ece": 0.00601235113546668,
  "threshold": 0.060372895484895106,
  "run_dir": "project\\runs\\20250905_143527\\optuna_smoke\\trial_0\\logreg_pw3.7067905265328345_C2.490907074494329"
}