{
  "readmission": {
    "n": 5695,
    "positives": 246,
    "prevalence": 0.04319578577699736,
    "roc_auc": 0.6097165587181657,
    "pr_auc": 0.06206655981328665,
    "brier": 0.0410908939389145,
    "ece": 0.005249512805293455,
    "threshold": 0.05611635966124882,
    "precision": 0.07029478458049887,
    "recall": 0.3780487804878049,
    "f1": 0.11854684512428298,
    "specificity": 0.774270508350156,
    "accuracy": 0.7571553994732221,
    "cm": {
      "tp": 93,
      "tn": 4219,
      "fp": 1230,
      "fn": 153
    },
    "calibration_bins": {
      "bin": [
        "(0.00245, 0.0194]",
        "(0.0194, 0.0243]",
        "(0.0243, 0.0303]",
        "(0.0303, 0.0376]",
        "(0.0376, 0.0435]",
        "(0.0435, 0.0481]",
        "(0.0481, 0.0528]",
        "(0.0528, 0.0581]",
        "(0.0581, 0.0659]",
        "(0.0659, 0.111]"
      ],
      "count": [
        689,
        451,
        579,
        559,
        570,
        569,
        583,
        573,
        558,
        564
      ],
      "mean_proba": [
        0.019030095933712972,
        0.02219617263739513,
        0.027401263675010966,
        0.0336169896149229,
        0.04048724510317176,
        0.045947496495835405,
        0.05127629112857237,
        0.05559085899002102,
        0.062445500890707314,
        0.07829719523689746
      ],
      "empirical_rate": [
        0.02467343976777939,
        0.017738359201773836,
        0.031088082901554404,
        0.044722719141323794,
        0.03859649122807018,
        0.03866432337434095,
        0.0411663807890223,
        0.05410122164048865,
        0.05913978494623656,
        0.08156028368794327
      ]
    }
  }
}