{
  "model_type": "logreg",
  "pos_weight": 1.0,
  "C": 0.5,
  "min_recall": null,
  "roc_auc": 0.5968276419780165,
  "pr_auc": 0.06042014329192618,
  "f1": 0.11846001974333663,
  "precision": 0.07822685788787484,
  "recall": 0.24390243902439024,
  "brier": 0.041145372790040644,
  "ece": 0.005482131197189334,
  "threshold": 0.06127496058735351,
  "run_dir": "project\\runs\\20250905_143527\\tune_smoke\\logreg_pw1.0_C0.5"
}