{
  "model_type": "logreg",
  "pos_weight": 0.5092977039143396,
  "C": 0.7592564833005366,
  "min_recall": null,
  "feature_select_C": 0.5499417309140759,
  "phenotype_clusters": 6,
  "stack_readmission": 0,
  "roc_auc": 0.616287839791593,
  "pr_auc": 0.06304910723773098,
  "f1": 0.12812812812812813,
  "precision": 0.0849933598937583,
  "recall": 0.2601626016260163,
  "brier": 0.04108411672761499,
  "ece": 0.006291174830920386,
  "threshold": 0.06376825521369477,
  "run_dir": "project/tuning/logistic_joint\\trial_26\\logreg_pw0.5092977039143396_C0.7592564833005366_fs0.5499417309140759_ph6"
}