{
  "readmission": {
    "n": 5695,
    "positives": 246,
    "prevalence": 0.04319578577699736,
    "roc_auc": 0.6089239168222109,
    "pr_auc": 0.062094670320824524,
    "brier": 0.041099498820494275,
    "ece": 0.005585675675353142,
    "threshold": 0.06351613698892884,
    "precision": 0.08118556701030928,
    "recall": 0.25609756097560976,
    "f1": 0.1232876712328767,
    "specificity": 0.8691503028078547,
    "accuracy": 0.8426690079016681,
    "cm": {
      "tp": 63,
      "tn": 4736,
      "fp": 713,
      "fn": 183
    },
    "calibration_bins": {
      "bin": [
        "(0.00264, 0.0207]",
        "(0.0207, 0.0244]",
        "(0.0244, 0.0309]",
        "(0.0309, 0.0378]",
        "(0.0378, 0.0441]",
        "(0.0441, 0.0477]",
        "(0.0477, 0.0523]",
        "(0.0523, 0.0583]",
        "(0.0583, 0.0662]",
        "(0.0662, 0.134]"
      ],
      "count": [
        617,
        528,
        564,
        574,
        569,
        569,
        565,
        585,
        598,
        526
      ],
      "mean_proba": [
        0.019874001615116856,
        0.02249760329028587,
        0.0275220428483007,
        0.034470342767878984,
        0.04106024491010715,
        0.04557162083741745,
        0.050251198707537775,
        0.0549856486363547,
        0.06227012844899929,
        0.08036741580552866
      ],
      "empirical_rate": [
        0.02593192868719611,
        0.013257575757575758,
        0.03368794326241135,
        0.04006968641114982,
        0.0351493848857645,
        0.05272407732864675,
        0.04601769911504425,
        0.04957264957264957,
        0.061872909698996656,
        0.0741444866920152
      ]
    }
  }
}