{
  "readmission": {
    "n": 5695,
    "positives": 246,
    "prevalence": 0.04319578577699736,
    "roc_auc": 0.6031948877022263,
    "pr_auc": 0.06048060084955319,
    "brier": 0.21866859868514865,
    "ece": 0.3596717643138375,
    "threshold": 0.6368831990992455,
    "precision": 0.08009153318077804,
    "recall": 0.2845528455284553,
    "f1": 0.125,
    "specificity": 0.8524499908240044,
    "accuracy": 0.8279192273924495,
    "cm": {
      "tp": 70,
      "tn": 4645,
      "fp": 804,
      "fn": 176
    },
    "calibration_bins": {
      "bin": [
        "(-0.001, 0.0478]",
        "(0.0478, 0.147]",
        "(0.147, 0.26]",
        "(0.26, 0.357]",
        "(0.357, 0.429]",
        "(0.429, 0.493]",
        "(0.493, 0.548]",
        "(0.548, 0.606]",
        "(0.606, 0.688]",
        "(0.688, 1.0]"
      ],
      "count": [
        570,
        569,
        570,
        569,
        570,
        569,
        569,
        570,
        569,
        570
      ],
      "mean_proba": [
        0.014518734157729652,
        0.09274858656381324,
        0.20544181101881687,
        0.3111162129946526,
        0.3933427275328334,
        0.4617999276701072,
        0.522053142888264,
        0.5759325409170593,
        0.6416515965659944,
        0.790011253328973
      ],
      "empirical_rate": [
        0.02456140350877193,
        0.015817223198594025,
        0.043859649122807015,
        0.03866432337434095,
        0.02631578947368421,
        0.04569420035149385,
        0.04569420035149385,
        0.05263157894736842,
        0.06854130052724078,
        0.07017543859649122
      ]
    }
  }
}