{
  "readmission": {
    "n": 5695,
    "positives": 246,
    "prevalence": 0.04319578577699736,
    "roc_auc": 0.5902985108030563,
    "pr_auc": 0.05954924466106988,
    "brier": 0.041185124527845195,
    "ece": 0.0048189329488729695,
    "threshold": 0.06001459857562277,
    "precision": 0.07702702702702703,
    "recall": 0.23170731707317074,
    "f1": 0.11561866125760649,
    "specificity": 0.8746559001651679,
    "accuracy": 0.8468832309043021,
    "cm": {
      "tp": 57,
      "tn": 4766,
      "fp": 683,
      "fn": 189
    },
    "calibration_bins": {
      "bin": [
        "(-0.001, 0.0233]",
        "(0.0233, 0.0276]",
        "(0.0276, 0.033]",
        "(0.033, 0.0403]",
        "(0.0403, 0.045]",
        "(0.045, 0.0482]",
        "(0.0482, 0.0514]",
        "(0.0514, 0.0556]",
        "(0.0556, 0.0605]",
        "(0.0605, 0.127]"
      ],
      "count": [
        595,
        545,
        570,
        568,
        588,
        561,
        560,
        569,
        590,
        549
      ],
      "mean_proba": [
        0.021085374576862735,
        0.025267864160820667,
        0.029959167078757436,
        0.03689248809421858,
        0.04282506185697327,
        0.04671536882007476,
        0.04984688533364586,
        0.05324207875625023,
        0.05861861606938426,
        0.0709174286023036
      ],
      "empirical_rate": [
        0.02857142857142857,
        0.022018348623853212,
        0.03859649122807018,
        0.03873239436619718,
        0.03741496598639456,
        0.0392156862745098,
        0.05,
        0.043936731107205626,
        0.06271186440677966,
        0.07103825136612021
      ]
    }
  }
}