{
  "readmission": {
    "n": 5695,
    "positives": 246,
    "prevalence": 0.04319578577699736,
    "roc_auc": 0.6126894320879345,
    "pr_auc": 0.06251988807431158,
    "brier": 0.041095423481995776,
    "ece": 0.004395750083750091,
    "threshold": 0.0577708842993789,
    "precision": 0.07276119402985075,
    "recall": 0.3170731707317073,
    "f1": 0.11836115326251896,
    "specificity": 0.8175812075610204,
    "accuracy": 0.7959613696224759,
    "cm": {
      "tp": 78,
      "tn": 4455,
      "fp": 994,
      "fn": 168
    },
    "calibration_bins": {
      "bin": [
        "(-0.001, 0.02]",
        "(0.02, 0.0261]",
        "(0.0261, 0.0318]",
        "(0.0318, 0.0379]",
        "(0.0379, 0.043]",
        "(0.043, 0.0471]",
        "(0.0471, 0.0521]",
        "(0.0521, 0.057]",
        "(0.057, 0.0658]",
        "(0.0658, 0.148]"
      ],
      "count": [
        611,
        566,
        533,
        569,
        569,
        569,
        578,
        561,
        569,
        570
      ],
      "mean_proba": [
        0.019018064011334247,
        0.02319973259423435,
        0.029090954164726786,
        0.035043250482390514,
        0.04033990385333214,
        0.04475197580218068,
        0.04966738666253073,
        0.05426941979329225,
        0.060868633309787756,
        0.08106410163088822
      ],
      "empirical_rate": [
        0.027823240589198037,
        0.012367491166077738,
        0.03564727954971857,
        0.033391915641476276,
        0.040421792618629174,
        0.040421792618629174,
        0.05363321799307959,
        0.049910873440285206,
        0.05799648506151142,
        0.08070175438596491
      ]
    }
  }
}