{
  "model_type": "logreg",
  "pos_weight": 1.5452070312235193,
  "C": 0.39572177742434084,
  "min_recall": null,
  "feature_select_C": 0.4125288225701835,
  "phenotype_clusters": 6,
  "stack_readmission": 0,
  "roc_auc": 0.6126894320879345,
  "pr_auc": 0.06251988807431158,
  "f1": 0.11836115326251896,
  "precision": 0.07276119402985075,
  "recall": 0.3170731707317073,
  "brier": 0.041095423481995776,
  "ece": 0.004395750083750091,
  "threshold": 0.0577708842993789,
  "run_dir": "project/tuning/logistic_joint\\trial_35\\logreg_pw1.5452070312235193_C0.39572177742434084_fs0.4125288225701835_ph6"
}