{
  "model_type": "logreg",
  "pos_weight": 1.0851881578959917,
  "C": 0.20369843234763368,
  "min_recall": null,
  "feature_select_C": 0.21342904374253321,
  "phenotype_clusters": 6,
  "stack_readmission": 0,
  "roc_auc": 0.6119840740525225,
  "pr_auc": 0.06153254215074548,
  "f1": 0.12168141592920353,
  "precision": 0.08358662613981763,
  "recall": 0.22357723577235772,
  "brier": 0.04116177447235003,
  "ece": 0.005800713902342774,
  "threshold": 0.0667051348966425,
  "run_dir": "project/tuning/logistic_joint\\trial_21\\logreg_pw1.0851881578959917_C0.20369843234763368_fs0.21342904374253321_ph6"
}