{
  "model_type": "logreg",
  "pos_weight": 0.5384421018178966,
  "C": 0.0501211385870541,
  "min_recall": null,
  "feature_select_C": 0.19412038190610342,
  "phenotype_clusters": 6,
  "stack_readmission": 0,
  "roc_auc": 0.6078951608932496,
  "pr_auc": 0.06033149594276951,
  "f1": 0.11623246492985972,
  "precision": 0.06954436450839328,
  "recall": 0.35365853658536583,
  "brier": 0.041157188079768814,
  "ece": 0.00399406905292689,
  "threshold": 0.05875200780297257,
  "run_dir": "project/tuning/logistic_joint\\trial_15\\logreg_pw0.5384421018178966_C0.0501211385870541_fs0.19412038190610342_ph6"
}