task,n,positives,prev,roc_auc,pr_auc,brier,ece,threshold,precision,recall,f1,specificity,accuracy
mortality,1000,119,0.119,0.8468175011207661,0.4721482444284894,0.08414753959653341,0.023329457766689737,0.23905561838370154,0.341991341991342,0.6638655462184874,0.4514285714285714,0.8274687854710556,0.808
prolonged_los,1000,508,0.508,0.7902563056142373,0.7669404890220091,0.1892411894574795,0.059027257161785814,0.43947903527819576,0.6661676646706587,0.8759842519685039,0.7568027210884354,0.5467479674796748,0.714
readmission,1000,37,0.037,0.7143919620555135,0.08077969654116678,0.03506050422002767,0.014552573160053265,0.07468795770857621,0.12727272727272726,0.1891891891891892,0.15217391304347827,0.9501557632398754,0.922
