{
  "model_type": "logreg",
  "pos_weight": 1.6902972550799265,
  "C": 3.764947764828717,
  "min_recall": null,
  "feature_select_C": 1.3792085219866872,
  "phenotype_clusters": 6,
  "stack_readmission": 1,
  "roc_auc": 0.6102533171597087,
  "pr_auc": 0.062065788889492754,
  "f1": 0.11724723874256585,
  "precision": 0.07411385606874328,
  "recall": 0.2804878048780488,
  "brier": 0.041079924177115354,
  "ece": 0.004056542901215906,
  "threshold": 0.05975375912147483,
  "run_dir": "project/tuning/logistic_joint\\trial_5\\logreg_pw1.6902972550799265_C3.764947764828717_fs1.3792085219866872_ph6_stack"
}