{
  "mortality": {
    "n": 5695,
    "positives": 622,
    "prevalence": 0.10921861281826163,
    "roc_auc": 0.8229600247955413,
    "pr_auc": 0.37501952036150565,
    "brier": 0.08109804094620389,
    "ece": 0.007166416276734353,
    "threshold": 0.2051432121558919,
    "precision": 0.34965719882468166,
    "recall": 0.5739549839228296,
    "f1": 0.4345709068776628,
    "specificity": 0.8691109796964321,
    "accuracy": 0.8368744512730465,
    "cm": {
      "tp": 357,
      "tn": 4409,
      "fp": 664,
      "fn": 265
    },
    "calibration_bins": {
      "bin": [
        "(0.00562, 0.0118]",
        "(0.0118, 0.0141]",
        "(0.0141, 0.0197]",
        "(0.0197, 0.0399]",
        "(0.0399, 0.0585]",
        "(0.0585, 0.087]",
        "(0.087, 0.127]",
        "(0.127, 0.189]",
        "(0.189, 0.303]",
        "(0.303, 0.686]"
      ],
      "count": [
        610,
        535,
        582,
        553,
        569,
        568,
        569,
        570,
        569,
        570
      ],
      "mean_proba": [
        0.01027951262794026,
        0.012566900349385127,
        0.016633799617164637,
        0.029848427359329313,
        0.04900049882338866,
        0.07190209956126008,
        0.10564927009605228,
        0.1590452350231806,
        0.23781582365005535,
        0.41992147078859204
      ],
      "empirical_rate": [
        0.013114754098360656,
        0.007476635514018692,
        0.00859106529209622,
        0.02531645569620253,
        0.056239015817223195,
        0.06866197183098592,
        0.12126537785588752,
        0.14912280701754385,
        0.22495606326889278,
        0.41754385964912283
      ]
    }
  },
  "prolonged_los": {
    "n": 5695,
    "positives": 2976,
    "prevalence": 0.5225636523266023,
    "roc_auc": 0.800064423689133,
    "pr_auc": 0.7942430868980952,
    "brier": 0.18180214325606792,
    "ece": 0.013212147113302918,
    "threshold": 0.3817810699240758,
    "precision": 0.6844229217110573,
    "recall": 0.8548387096774194,
    "f1": 0.7601972209771403,
    "specificity": 0.5685913938948143,
    "accuracy": 0.7181738366988587,
    "cm": {
      "tp": 2544,
      "tn": 1546,
      "fp": 1173,
      "fn": 432
    },
    "calibration_bins": {
      "bin": [
        "(0.0287, 0.181]",
        "(0.181, 0.275]",
        "(0.275, 0.336]",
        "(0.336, 0.436]",
        "(0.436, 0.521]",
        "(0.521, 0.619]",
        "(0.619, 0.722]",
        "(0.722, 0.824]",
        "(0.824, 0.852]",
        "(0.852, 0.918]"
      ],
      "count": [
        570,
        579,
        569,
        560,
        570,
        569,
        569,
        610,
        683,
        416
      ],
      "mean_proba": [
        0.12353508726102315,
        0.2310733385433003,
        0.3100600122217649,
        0.38615402395553383,
        0.4845198489105784,
        0.5639232461919769,
        0.6684976654834519,
        0.7800433601306165,
        0.8439750340224361,
        0.8550315599555245
      ],
      "empirical_rate": [
        0.09824561403508772,
        0.22797927461139897,
        0.27240773286467485,
        0.3821428571428571,
        0.49473684210526314,
        0.562390158172232,
        0.6836555360281195,
        0.7918032786885246,
        0.849194729136164,
        0.8774038461538461
      ]
    }
  },
  "readmission": {
    "n": 5695,
    "positives": 246,
    "prevalence": 0.04319578577699736,
    "roc_auc": 0.5954187909469479,
    "pr_auc": 0.06010391502213744,
    "brier": 0.04115138553311081,
    "ece": 0.005452363120499873,
    "threshold": 0.06211457976685655,
    "precision": 0.08380681818181818,
    "recall": 0.23983739837398374,
    "f1": 0.12421052631578948,
    "specificity": 0.8816296568177647,
    "accuracy": 0.8539069359086918,
    "cm": {
      "tp": 59,
      "tn": 4804,
      "fp": 645,
      "fn": 187
    },
    "calibration_bins": {
      "bin": [
        "(-0.001, 0.0207]",
        "(0.0207, 0.0271]",
        "(0.0271, 0.0338]",
        "(0.0338, 0.0407]",
        "(0.0407, 0.0448]",
        "(0.0448, 0.0481]",
        "(0.0481, 0.0517]",
        "(0.0517, 0.0562]",
        "(0.0562, 0.0631]",
        "(0.0631, 0.0998]"
      ],
      "count": [
        638,
        501,
        570,
        570,
        571,
        580,
        556,
        571,
        611,
        527
      ],
      "mean_proba": [
        0.01856007688886394,
        0.024069405685576133,
        0.030150848032505857,
        0.037320306099604815,
        0.042764371040249924,
        0.04656973628770959,
        0.04977866080651539,
        0.05338740746657294,
        0.059835591059438156,
        0.07350991838688423
      ],
      "empirical_rate": [
        0.02037617554858934,
        0.027944111776447105,
        0.042105263157894736,
        0.04035087719298246,
        0.03502626970227671,
        0.034482758620689655,
        0.048561151079136694,
        0.050788091068301226,
        0.05564648117839607,
        0.07969639468690702
      ]
    }
  }
}