{
  "readmission": {
    "n": 5695,
    "positives": 246,
    "prevalence": 0.04319578577699736,
    "roc_auc": 0.6112458913174192,
    "pr_auc": 0.0621004415467361,
    "brier": 0.04110084587369957,
    "ece": 0.007987241272620935,
    "threshold": 0.06278230558830102,
    "precision": 0.0811554332874828,
    "recall": 0.23983739837398374,
    "f1": 0.12127440904419322,
    "specificity": 0.8774086988438246,
    "accuracy": 0.8498683055311677,
    "cm": {
      "tp": 59,
      "tn": 4781,
      "fp": 668,
      "fn": 187
    },
    "calibration_bins": {
      "bin": [
        "(-0.001, 0.0198]",
        "(0.0198, 0.0239]",
        "(0.0239, 0.0309]",
        "(0.0309, 0.0377]",
        "(0.0377, 0.0438]",
        "(0.0438, 0.048]",
        "(0.048, 0.0527]",
        "(0.0527, 0.0579]",
        "(0.0579, 0.064]",
        "(0.064, 0.144]"
      ],
      "count": [
        658,
        491,
        560,
        569,
        570,
        578,
        563,
        601,
        572,
        533
      ],
      "mean_proba": [
        0.019220103549521597,
        0.021899675486318434,
        0.02719036582722834,
        0.0345514987146157,
        0.04086649103158588,
        0.04607369194542705,
        0.050351133241950244,
        0.05528024501725628,
        0.06142976012574798,
        0.08085816792675256
      ],
      "empirical_rate": [
        0.025835866261398176,
        0.010183299389002037,
        0.0375,
        0.02460456942003515,
        0.05964912280701754,
        0.039792387543252594,
        0.047957371225577264,
        0.05490848585690516,
        0.04895104895104895,
        0.0825515947467167
      ]
    }
  }
}