{
  "readmission": {
    "n": 5695,
    "positives": 246,
    "prevalence": 0.04319578577699736,
    "roc_auc": 0.604575017121065,
    "pr_auc": 0.059530266063450674,
    "brier": 0.041130306573837344,
    "ece": 0.006165796541409381,
    "threshold": 0.06576269884008022,
    "precision": 0.08265802269043761,
    "recall": 0.2073170731707317,
    "f1": 0.11819235225955968,
    "specificity": 0.8961277298586897,
    "accuracy": 0.8663740122914838,
    "cm": {
      "tp": 51,
      "tn": 4883,
      "fp": 566,
      "fn": 195
    },
    "calibration_bins": {
      "bin": [
        "(0.0017599999999999998, 0.0196]",
        "(0.0196, 0.0258]",
        "(0.0258, 0.0338]",
        "(0.0338, 0.0394]",
        "(0.0394, 0.0425]",
        "(0.0425, 0.0462]",
        "(0.0462, 0.0507]",
        "(0.0507, 0.0575]",
        "(0.0575, 0.0671]",
        "(0.0671, 0.119]"
      ],
      "count": [
        585,
        554,
        571,
        580,
        558,
        599,
        541,
        581,
        556,
        570
      ],
      "mean_proba": [
        0.017678559128482665,
        0.022344245613254442,
        0.03015483476372151,
        0.03686928857111164,
        0.04087701193895411,
        0.04428885570652102,
        0.04813857280836427,
        0.05427425931750838,
        0.062041814387280875,
        0.07621092954959624
      ],
      "empirical_rate": [
        0.023931623931623933,
        0.021660649819494584,
        0.03677758318739054,
        0.02586206896551724,
        0.035842293906810034,
        0.06010016694490818,
        0.04251386321626617,
        0.05335628227194492,
        0.0539568345323741,
        0.07719298245614035
      ]
    }
  }
}