{
  "readmission": {
    "n": 5695,
    "positives": 246,
    "prevalence": 0.04319578577699736,
    "roc_auc": 0.6134734948010152,
    "pr_auc": 0.06341236102764708,
    "brier": 0.04105874983980525,
    "ece": 0.004933381730172026,
    "threshold": 0.062396062343733585,
    "precision": 0.07857142857142857,
    "recall": 0.3130081300813008,
    "f1": 0.12561174551386622,
    "specificity": 0.8342815195448706,
    "accuracy": 0.8117647058823529,
    "cm": {
      "tp": 77,
      "tn": 4546,
      "fp": 903,
      "fn": 169
    },
    "calibration_bins": {
      "bin": [
        "(0.00252, 0.019]",
        "(0.019, 0.0242]",
        "(0.0242, 0.029]",
        "(0.029, 0.0368]",
        "(0.0368, 0.0431]",
        "(0.0431, 0.0486]",
        "(0.0486, 0.0546]",
        "(0.0546, 0.0599]",
        "(0.0599, 0.0663]",
        "(0.0663, 0.0998]"
      ],
      "count": [
        612,
        544,
        583,
        545,
        578,
        555,
        570,
        573,
        575,
        560
      ],
      "mean_proba": [
        0.01789934845964568,
        0.021620517508564717,
        0.026723296830744335,
        0.03320414252299554,
        0.04029136429941486,
        0.046434619703185936,
        0.05150847612555348,
        0.057151985399078065,
        0.06360021465309433,
        0.07822060820063803
      ],
      "empirical_rate": [
        0.027777777777777776,
        0.012867647058823529,
        0.0274442538593482,
        0.044036697247706424,
        0.04152249134948097,
        0.043243243243243246,
        0.042105263157894736,
        0.05410122164048865,
        0.06260869565217392,
        0.07678571428571429
      ]
    }
  }
}