target,auc_full_raw,auc_base_cal,diff_full_minus_cal,ci_95_lower,ci_95_upper,approx_p_two_sided,n_test,n_boot_effective
mortality,0.8566210337410514,0.8493818691045213,0.007239164636530071,0.001564724308805565,0.012547797248654971,0.012993503248375811,5668,2000
prolonged_los,0.826987751414798,0.8242675211291682,0.0027202302856297322,0.00010696549133165092,0.005142725378662244,0.04297851074462768,5668,2000
readmission,0.6220670529279988,0.611552827534915,0.010514225393083776,-0.007483736273363334,0.02781851830067614,0.2638680659670165,5668,2000
