target,auc_full_raw,auc_base_cal,diff_full_minus_cal,ci_95_lower,ci_95_upper,approx_p_two_sided,n_test,n_boot_effective
mortality,0.8642585409825214,0.861057802986565,0.0032007379959564375,-0.001591100439747131,0.007945082074811594,0.191904047976012,5668,2000
prolonged_los,0.8247823447683824,0.8217653359985376,0.0030170087698447867,0.0006432503898683023,0.005415013965979923,0.013993003498250875,5668,2000
readmission,0.6588679664000624,0.6492485447724268,0.009619421627635627,-0.007952718682005954,0.02663803538024391,0.2698650674662669,5668,2000
