{
  "learning_rate": 0.015380821666156693,
  "max_depth": 3,
  "min_child_weight": 7.158097238609412,
  "subsample": 0.7200762468698007,
  "colsample_bytree": 0.5610191174223894,
  "lambda": 0.09565499215943825,
  "alpha": 0.0013403002793227008,
  "gamma": 4.546602010393911,
  "n_estimators": 533
}