{
  "learning_rate": 0.02464868343784626,
  "max_depth": 7,
  "min_child_weight": 6.715746876073756,
  "subsample": 0.7204121973301068,
  "colsample_bytree": 0.9789078891936575,
  "lambda": 0.03635278851106783,
  "alpha": 0.004720784357478351,
  "gamma": 2.6155358517018836,
  "n_estimators": 289
}