{
  "learning_rate": 0.030710573677773714,
  "max_depth": 7,
  "min_child_weight": 6.123957592679836,
  "subsample": 0.8394633936788146,
  "colsample_bytree": 0.6624074561769746,
  "lambda": 0.003775887545682684,
  "alpha": 0.0015550191654264875,
  "gamma": 3.4647045830997407,
  "n_estimators": 288
}