{
  "learning_rate": 0.02460208061014162,
  "max_depth": 4,
  "min_child_weight": 6.506676052501415,
  "subsample": 0.569746930326021,
  "colsample_bytree": 0.6460723242676091,
  "lambda": 0.029204338471814112,
  "alpha": 0.04863951003835899,
  "gamma": 3.925879806965068,
  "n_estimators": 479
}