target,full_raw_auc,full_raw_pr_auc,base_raw_auc,base_cal_auc,base_cal_pr_auc,base_cal_brier
readmission,0.6588679664000624,0.07256019829315255,0.6524483960258267,0.6492485447724268,0.06760081502990012,0.041148070462847075
mortality,0.8642585409825214,0.4288639226217046,0.8626045711090127,0.861057802986565,0.40082378929727874,0.07499164910501352
prolonged_los,0.8247823447683824,0.8199130536847647,0.8227172481516072,0.8217653359985376,0.8069281973973844,0.17139159587864938
