target,full_raw_auc,full_raw_pr_auc,base_raw_auc,base_cal_auc,base_cal_pr_auc,base_cal_brier
readmission,0.6567690948949327,0.07275475673587438,0.641395489019442,0.6382679867927414,0.06882812828306656,0.041069304683666145
mortality,0.8642585409825214,0.4288639226217046,0.8626045711090127,0.861057802986565,0.40082378929727874,0.07499164910501352
prolonged_los,0.8235340284575441,0.8174052434036033,0.8232364389326954,0.8220015983739258,0.8065178047151135,0.17108614081722098
