target,full_raw_auc,full_raw_pr_auc,base_raw_auc,base_cal_auc,base_cal_pr_auc,base_cal_brier
readmission,0.6220670529279988,0.05967508591192816,0.6161752930697879,0.611552827534915,0.058682255429828,0.041341800024671506
mortality,0.8566210337410514,0.4526088198637685,0.8536697744745221,0.8493818691045213,0.39265346969747955,0.075721638999741
prolonged_los,0.826987751414798,0.820537905582127,0.8255638760006212,0.8242675211291682,0.8062816234758603,0.16992103344618786
