{
  "readmission": {
    "auc": 0.611552827534915,
    "pr_auc": 0.058682255429828,
    "brier": 0.041341800024671506,
    "threshold": 0.05762541806020067,
    "f1_at_threshold": 0.10473313155052943,
    "precision_at_threshold": 0.06961178045506076,
    "recall_at_threshold": 0.21138211382027894,
    "validation_threshold_info": {
      "precision": 0.07643312101901091,
      "recall": 0.24291497975610157,
      "f1": 0.11627906940310263,
      "threshold": 0.05762541806020067
    },
    "optuna_best_value_cv_mean_auc": 0.6398960635258997,
    "optuna_best_params": {
      "learning_rate": 0.0249064396938244,
      "max_depth": 3,
      "min_child_weight": 5.789631185585098,
      "subsample": 0.7760609974958406,
      "colsample_bytree": 0.6488152939379115,
      "lambda": 0.06786479434196534,
      "alpha": 0.0012987260139887713,
      "gamma": 3.6372816083151283,
      "n_estimators": 192
    },
    "train_rows": 17004,
    "val_rows": 5668,
    "test_rows": 5668
  },
  "mortality": {
    "auc": 0.8493818691045213,
    "pr_auc": 0.39265346969747955,
    "brier": 0.075721638999741,
    "threshold": 0.17668896321070235,
    "f1_at_threshold": 0.43928571382634846,
    "precision_at_threshold": 0.34135060129478134,
    "recall_at_threshold": 0.6160267111842804,
    "validation_threshold_info": {
      "precision": 0.3614573346113505,
      "recall": 0.6231404958667386,
      "f1": 0.4575242713794236,
      "threshold": 0.17668896321070235
    },
    "optuna_best_value_cv_mean_auc": 0.8528847415874046,
    "optuna_best_params": {
      "learning_rate": 0.04666963767236924,
      "max_depth": 5,
      "min_child_weight": 1.325152889039984,
      "subsample": 0.8430179407605753,
      "colsample_bytree": 0.6682096494749166,
      "lambda": 0.0017402990823522548,
      "alpha": 1.356124683738338,
      "gamma": 3.8625281322982374,
      "n_estimators": 347
    },
    "train_rows": 17004,
    "val_rows": 5668,
    "test_rows": 5668
  },
  "prolonged_los": {
    "auc": 0.8242675211291682,
    "pr_auc": 0.8062816234758603,
    "brier": 0.16992103344618786,
    "threshold": 0.38505016722408025,
    "f1_at_threshold": 0.7740290893244708,
    "precision_at_threshold": 0.696814254859423,
    "recall_at_threshold": 0.8704890387855412,
    "validation_threshold_info": {
      "precision": 0.7035519125681138,
      "recall": 0.8678800134813388,
      "f1": 0.7771238866336471,
      "threshold": 0.38505016722408025
    },
    "optuna_best_value_cv_mean_auc": 0.8275313760679189,
    "optuna_best_params": {
      "learning_rate": 0.030710573677773714,
      "max_depth": 7,
      "min_child_weight": 6.123957592679836,
      "subsample": 0.8394633936788146,
      "colsample_bytree": 0.6624074561769746,
      "lambda": 0.003775887545682684,
      "alpha": 0.0015550191654264875,
      "gamma": 3.4647045830997407,
      "n_estimators": 288
    },
    "train_rows": 17004,
    "val_rows": 5668,
    "test_rows": 5668
  }
}