target,auc,pr_auc,brier,threshold,f1_at_threshold,precision_at_threshold,recall_at_threshold,baseline_val_auc,full_raw_auc,full_raw_pr_auc,base_raw_auc,base_cal_auc,base_cal_pr_auc,base_cal_brier
readmission,0.611552827534915,0.058682255429828,0.0413418000246715,0.0576254180602006,0.1047331315505294,0.0696117804550607,0.2113821138202789,0.5814141586139373,0.6220670529279988,0.0596750859119281,0.6161752930697879,0.611552827534915,0.058682255429828,0.0413418000246715
mortality,0.8493818691045213,0.3926534696974795,0.075721638999741,0.1766889632107023,0.4392857138263484,0.3413506012947813,0.6160267111842804,0.817938764950059,0.8566210337410514,0.4526088198637685,0.8536697744745221,0.8493818691045213,0.3926534696974795,0.075721638999741
prolonged_los,0.8242675211291682,0.8062816234758603,0.1699210334461878,0.3850501672240802,0.7740290893244708,0.696814254859423,0.8704890387855412,0.8017779681145194,0.826987751414798,0.820537905582127,0.8255638760006212,0.8242675211291682,0.8062816234758603,0.1699210334461878
