{
  "auc": 0.8217653359985376,
  "pr_auc": 0.8069281973973844,
  "brier": 0.17139159587864938,
  "threshold": 0.3612374581939799,
  "f1_at_threshold": 0.7697918244552743,
  "precision_at_threshold": 0.7004977876104258,
  "recall_at_threshold": 0.854300168633776,
  "validation_threshold_info": {
    "precision": 0.7085427135676414,
    "recall": 0.8554095045497623,
    "f1": 0.775080164414846,
    "threshold": 0.3612374581939799
  },
  "optuna_best_value_cv_mean_auc": 0.8263831469691659,
  "optuna_best_params": {
    "learning_rate": 0.030710573677773714,
    "max_depth": 7,
    "min_child_weight": 6.123957592679836,
    "subsample": 0.8394633936788146,
    "colsample_bytree": 0.6624074561769746,
    "lambda": 0.003775887545682684,
    "alpha": 0.0015550191654264875,
    "gamma": 3.4647045830997407,
    "n_estimators": 288
  },
  "train_rows": 17004,
  "val_rows": 5668,
  "test_rows": 5668
}