{
  "auc": 0.8242675211291682,
  "pr_auc": 0.8062816234758603,
  "brier": 0.16992103344618786,
  "threshold": 0.38505016722408025,
  "f1_at_threshold": 0.7740290893244708,
  "precision_at_threshold": 0.696814254859423,
  "recall_at_threshold": 0.8704890387855412,
  "validation_threshold_info": {
    "precision": 0.7035519125681138,
    "recall": 0.8678800134813388,
    "f1": 0.7771238866336471,
    "threshold": 0.38505016722408025
  },
  "optuna_best_value_cv_mean_auc": 0.8275313760679189,
  "optuna_best_params": {
    "learning_rate": 0.030710573677773714,
    "max_depth": 7,
    "min_child_weight": 6.123957592679836,
    "subsample": 0.8394633936788146,
    "colsample_bytree": 0.6624074561769746,
    "lambda": 0.003775887545682684,
    "alpha": 0.0015550191654264875,
    "gamma": 3.4647045830997407,
    "n_estimators": 288
  },
  "train_rows": 17004,
  "val_rows": 5668,
  "test_rows": 5668
}