{
  "readmission": {
    "auc": 0.6492485447724268,
    "pr_auc": 0.06760081502990012,
    "brier": 0.041148070462847075,
    "threshold": 0.054648829431438124,
    "f1_at_threshold": 0.12878787855694585,
    "precision_at_threshold": 0.07428214731580882,
    "recall_at_threshold": 0.4837398373964076,
    "validation_threshold_info": {
      "precision": 0.0708908406524022,
      "recall": 0.457489878540658,
      "f1": 0.12275936967519424,
      "threshold": 0.054648829431438124
    },
    "optuna_best_value_cv_mean_auc": 0.6395249280410231,
    "optuna_best_params": {
      "learning_rate": 0.0249064396938244,
      "max_depth": 3,
      "min_child_weight": 5.789631185585098,
      "subsample": 0.7760609974958406,
      "colsample_bytree": 0.6488152939379115,
      "lambda": 0.06786479434196534,
      "alpha": 0.0012987260139887713,
      "gamma": 3.6372816083151283,
      "n_estimators": 192
    },
    "train_rows": 17004,
    "val_rows": 5668,
    "test_rows": 5668
  },
  "mortality": {
    "auc": 0.861057802986565,
    "pr_auc": 0.40082378929727874,
    "brier": 0.07499164910501352,
    "threshold": 0.20645484949832776,
    "f1_at_threshold": 0.44975404027082827,
    "precision_at_threshold": 0.3883495145626355,
    "recall_at_threshold": 0.5342237061760697,
    "validation_threshold_info": {
      "precision": 0.40312876052899743,
      "recall": 0.5537190082635476,
      "f1": 0.46657381566772355,
      "threshold": 0.20645484949832776
    },
    "optuna_best_value_cv_mean_auc": 0.8568201612196493,
    "optuna_best_params": {
      "learning_rate": 0.030710573677773714,
      "max_depth": 7,
      "min_child_weight": 6.123957592679836,
      "subsample": 0.8394633936788146,
      "colsample_bytree": 0.6624074561769746,
      "lambda": 0.003775887545682684,
      "alpha": 0.0015550191654264875,
      "gamma": 3.4647045830997407,
      "n_estimators": 288
    },
    "train_rows": 17004,
    "val_rows": 5668,
    "test_rows": 5668
  },
  "prolonged_los": {
    "auc": 0.8217653359985376,
    "pr_auc": 0.8069281973973844,
    "brier": 0.17139159587864938,
    "threshold": 0.3612374581939799,
    "f1_at_threshold": 0.7697918244552743,
    "precision_at_threshold": 0.7004977876104258,
    "recall_at_threshold": 0.854300168633776,
    "validation_threshold_info": {
      "precision": 0.7085427135676414,
      "recall": 0.8554095045497623,
      "f1": 0.775080164414846,
      "threshold": 0.3612374581939799
    },
    "optuna_best_value_cv_mean_auc": 0.8263831469691659,
    "optuna_best_params": {
      "learning_rate": 0.030710573677773714,
      "max_depth": 7,
      "min_child_weight": 6.123957592679836,
      "subsample": 0.8394633936788146,
      "colsample_bytree": 0.6624074561769746,
      "lambda": 0.003775887545682684,
      "alpha": 0.0015550191654264875,
      "gamma": 3.4647045830997407,
      "n_estimators": 288
    },
    "train_rows": 17004,
    "val_rows": 5668,
    "test_rows": 5668
  }
}