{
  "auc": 0.8368919684579986,
  "pr_auc": 0.3815609382530349,
  "brier": 0.08105342482139606,
  "threshold": 0.1885953177257525,
  "f1_at_threshold": 0.43042452830188677,
  "precision_at_threshold": 0.34369114877557094,
  "recall_at_threshold": 0.5757097791789026,
  "cost_at_threshold": 2042.0,
  "validation_threshold_info": {
    "f1": 0.4139194139194139,
    "precision": 0.324091778202367,
    "recall": 0.5726351351341679,
    "cost": 1972.0,
    "fbeta": 0.49648506124505465,
    "threshold": 0.1885953177257525
  }
}