{
  "auc": 0.8113620608324935,
  "pr_auc": 0.8026043479084977,
  "brier": 0.17702122479487228,
  "threshold": 0.34635451505016723,
  "f1_at_threshold": 0.763558106169297,
  "precision_at_threshold": 0.6675865529351059,
  "recall_at_threshold": 0.891756032171283,
  "cost_at_threshold": 2940.0,
  "validation_threshold_info": {
    "f1": 0.7660002876456206,
    "precision": 0.672984584280851,
    "recall": 0.8888518024029076,
    "cost": 2959.0,
    "fbeta": 0.8352675488537339,
    "threshold": 0.34635451505016723
  }
}