{
  "auc": 0.6089280199096724,
  "pr_auc": 0.05768518612443732,
  "brier": 0.04136470759155571,
  "threshold": 0.0665551839464883,
  "f1_at_threshold": 0.11040609137055837,
  "precision_at_threshold": 0.06541353383453728,
  "recall_at_threshold": 0.3536585365839282,
  "cost_at_threshold": 2038.0
}