target,auc,pr_auc,brier,threshold,f1_at_threshold,precision_at_threshold,recall_at_threshold,baseline_val_auc,full_raw_auc,full_raw_pr_auc,base_raw_auc,base_cal_auc,base_cal_pr_auc,base_cal_brier
readmission,0.6492485447724268,0.0676008150299001,0.041148070462847,0.0546488294314381,0.1287878785569458,0.0742821473158088,0.4837398373964076,0.5874545458619089,0.6588679664000624,0.0725601982931525,0.6524483960258267,0.6492485447724268,0.0676008150299001,0.041148070462847
mortality,0.861057802986565,0.4008237892972787,0.0749916491050135,0.2064548494983277,0.4497540402708282,0.3883495145626355,0.5342237061760697,0.7923179508441571,0.8642585409825214,0.4288639226217046,0.8626045711090127,0.861057802986565,0.4008237892972787,0.0749916491050135
prolonged_los,0.8217653359985376,0.8069281973973844,0.1713915958786493,0.3612374581939799,0.7697918244552743,0.7004977876104258,0.854300168633776,0.8021399656370639,0.8247823447683824,0.8199130536847647,0.8227172481516072,0.8217653359985376,0.8069281973973844,0.1713915958786493
