{
  "auc": 0.6492485447724268,
  "pr_auc": 0.06760081502990012,
  "brier": 0.041148070462847075,
  "threshold": 0.054648829431438124,
  "f1_at_threshold": 0.12878787855694585,
  "precision_at_threshold": 0.07428214731580882,
  "recall_at_threshold": 0.4837398373964076,
  "validation_threshold_info": {
    "precision": 0.0708908406524022,
    "recall": 0.457489878540658,
    "f1": 0.12275936967519424,
    "threshold": 0.054648829431438124
  },
  "optuna_best_value_cv_mean_auc": 0.6395249280410231,
  "optuna_best_params": {
    "learning_rate": 0.0249064396938244,
    "max_depth": 3,
    "min_child_weight": 5.789631185585098,
    "subsample": 0.7760609974958406,
    "colsample_bytree": 0.6488152939379115,
    "lambda": 0.06786479434196534,
    "alpha": 0.0012987260139887713,
    "gamma": 3.6372816083151283,
    "n_estimators": 192
  },
  "train_rows": 17004,
  "val_rows": 5668,
  "test_rows": 5668
}