{
  "readmission": {
    "target": "readmission",
    "auc": 0.6089280199096724,
    "pr_auc": 0.05768518612443732,
    "brier": 0.04136470759155571,
    "threshold": 0.34635451505016723,
    "f1_at_threshold": 0.11040609137055837,
    "precision_at_threshold": 0.06541353383453728,
    "recall_at_threshold": 0.3536585365839282
  },
  "mortality": {
    "target": "mortality",
    "auc": 0.8368919684579986,
    "pr_auc": 0.3815609382530349,
    "brier": 0.08105342482139606,
    "threshold": 0.1885953177257525,
    "f1_at_threshold": 0.43042452830188677,
    "precision_at_threshold": 0.34369114877557094,
    "recall_at_threshold": 0.5757097791789026
  },
  "prolonged_los": {
    "target": "prolonged_los",
    "auc": 0.8113620608324935,
    "pr_auc": 0.8026043479084977,
    "brier": 0.17702122479487228,
    "threshold": 0.34635451505016723,
    "f1_at_threshold": 0.763558106169297,
    "precision_at_threshold": 0.6675865529351059,
    "recall_at_threshold": 0.891756032171283
  }
}