{
  "saved_utc": "2025-09-13T12:26:46Z",
  "git_commit": "b98044df01734d14bfbc3d291d664659672d0817",
  "n_features": 1429,
  "feature_sig_sha256_16": "f7b383b014364676",
  "prevalence_train": 0.04325938067084236,
  "prevalence_valid": 0.043371378402107114,
  "prevalence_test": 0.04319578577699736,
  "optuna_best_value": 0.671940302722241,
  "threshold_info": {
    "f1": 0.1414790996784566,
    "precision": 0.11733333333302044,
    "recall": 0.17813765182114116,
    "cost": 1346.0,
    "fbeta": 0.1614086571235579,
    "threshold": 0.06953177257525082
  },
  "calibration": "isotonic_on_validation"
}