{
  "trial": 7,
  "params": {
    "n_estimators": 650,
    "learning_rate": 0.015391351759688941,
    "max_depth": 3,
    "subsample": 0.9446334909714597,
    "colsample_bytree": 0.6669802278550488,
    "reg_lambda": 0.521034526997348,
    "reg_alpha": 0.46727710639355813
  },
  "roc_auc": NaN,
  "duration_sec": 1.891632318496704
}