{
  "model_type": "logreg",
  "pos_weight": 0.7210880990611921,
  "C": 0.44649958115584804,
  "min_recall": null,
  "feature_select_C": 1.1796813473652075,
  "phenotype_clusters": 0,
  "stack_readmission": 0,
  "roc_auc": 0.6173352461181062,
  "pr_auc": 0.06371085518545402,
  "f1": 0.12349397590361445,
  "precision": 0.07578558225508318,
  "recall": 0.3333333333333333,
  "brier": 0.04104244441794246,
  "ece": 0.0071516715990881125,
  "threshold": 0.060303823594994456,
  "run_dir": "project/tuning/logistic_joint\\trial_43\\logreg_pw0.7210880990611921_C0.44649958115584804_fs1.1796813473652075_ph0"
}