{
  "model_type": "hgb",
  "pos_weight": 1.7445588448695888,
  "C": 0.47801541836751754,
  "min_recall": null,
  "feature_select_C": 0.07775621797094695,
  "phenotype_clusters": 0,
  "stack_readmission": 1,
  "roc_auc": 0.6218915382400292,
  "pr_auc": 0.0659011992675554,
  "f1": 0.11530172413793104,
  "precision": 0.06645962732919254,
  "recall": 0.4349593495934959,
  "brier": 0.0410103806933351,
  "ece": 0.00572835299910716,
  "threshold": 0.053681985956114245,
  "run_dir": "project/tuning/hgb_joint\\trial_8\\hgb_pw1.7445588448695888_C0.47801541836751754_fs0.07775621797094695_ph0_stack"
}