{
  "readmission": {
    "n": 5695,
    "positives": 246,
    "prevalence": 0.04319578577699736,
    "roc_auc": 0.6146730883715517,
    "pr_auc": 0.06268706696565463,
    "brier": 0.041060406830699,
    "ece": 0.004297673782511202,
    "threshold": 0.06625889965204493,
    "precision": 0.08390646492434663,
    "recall": 0.24796747967479674,
    "f1": 0.12538540596094552,
    "specificity": 0.8777757386676455,
    "accuracy": 0.8505706760316066,
    "cm": {
      "tp": 61,
      "tn": 4783,
      "fp": 666,
      "fn": 185
    },
    "calibration_bins": {
      "bin": [
        "(0.00231, 0.0189]",
        "(0.0189, 0.0235]",
        "(0.0235, 0.0302]",
        "(0.0302, 0.037]",
        "(0.037, 0.0428]",
        "(0.0428, 0.0482]",
        "(0.0482, 0.0534]",
        "(0.0534, 0.0601]",
        "(0.0601, 0.0677]",
        "(0.0677, 0.105]"
      ],
      "count": [
        572,
        567,
        570,
        572,
        567,
        631,
        614,
        463,
        571,
        568
      ],
      "mean_proba": [
        0.01852800992769534,
        0.021172144817906715,
        0.026768083718034977,
        0.03373953575094433,
        0.04035649431579998,
        0.04586089328863234,
        0.05194449075894714,
        0.057251318009484665,
        0.0639882702083935,
        0.07798340974709622
      ],
      "empirical_rate": [
        0.027972027972027972,
        0.012345679012345678,
        0.02982456140350877,
        0.03671328671328671,
        0.042328042328042326,
        0.044374009508716325,
        0.048859934853420196,
        0.04535637149028078,
        0.0647985989492119,
        0.07922535211267606
      ]
    }
  }
}