{
  "model_type": "logreg",
  "pos_weight": 0.9279058339124606,
  "C": 0.4470341073383064,
  "min_recall": null,
  "feature_select_C": 1.2353675684345204,
  "phenotype_clusters": 0,
  "stack_readmission": 0,
  "roc_auc": 0.6146730883715517,
  "pr_auc": 0.06268706696565463,
  "f1": 0.12538540596094552,
  "precision": 0.08390646492434663,
  "recall": 0.24796747967479674,
  "brier": 0.041060406830699,
  "ece": 0.004297673782511202,
  "threshold": 0.06625889965204493,
  "run_dir": "project/tuning/logistic_joint\\trial_44\\logreg_pw0.9279058339124606_C0.4470341073383064_fs1.2353675684345204_ph0"
}