{
  "model_type": "logreg",
  "pos_weight": 1.0775890074612038,
  "C": 0.831719125508676,
  "min_recall": null,
  "feature_select_C": 0.5624536957903508,
  "phenotype_clusters": 6,
  "stack_readmission": 0,
  "roc_auc": 0.6112458913174192,
  "pr_auc": 0.0621004415467361,
  "f1": 0.12127440904419322,
  "precision": 0.0811554332874828,
  "recall": 0.23983739837398374,
  "brier": 0.04110084587369957,
  "ece": 0.007987241272620935,
  "threshold": 0.06278230558830102,
  "run_dir": "project/tuning/logistic_joint\\trial_31\\logreg_pw1.0775890074612038_C0.831719125508676_fs0.5624536957903508_ph6"
}