{
  "readmission": {
    "n": 5695,
    "positives": 246,
    "prevalence": 0.04319578577699736,
    "roc_auc": 0.593709668515294,
    "pr_auc": 0.05932093584843237,
    "brier": 0.04116953117704077,
    "ece": 0.006525383292456281,
    "threshold": 0.06040669796143947,
    "precision": 0.07662337662337662,
    "recall": 0.23983739837398374,
    "f1": 0.11614173228346457,
    "specificity": 0.8695173426316756,
    "accuracy": 0.8423178226514486,
    "cm": {
      "tp": 59,
      "tn": 4738,
      "fp": 711,
      "fn": 187
    },
    "calibration_bins": {
      "bin": [
        "(-0.001, 0.022]",
        "(0.022, 0.0266]",
        "(0.0266, 0.0336]",
        "(0.0336, 0.0409]",
        "(0.0409, 0.0443]",
        "(0.0443, 0.0483]",
        "(0.0483, 0.0516]",
        "(0.0516, 0.0552]",
        "(0.0552, 0.0644]",
        "(0.0644, 0.129]"
      ],
      "count": [
        597,
        543,
        569,
        569,
        570,
        570,
        569,
        609,
        684,
        415
      ],
      "mean_proba": [
        0.02040597857362675,
        0.024236415215916796,
        0.029821398865569983,
        0.03719153057886662,
        0.04248447904933476,
        0.04643534007442355,
        0.04998516011590444,
        0.053000171156534284,
        0.06062699018735462,
        0.07533355833702136
      ],
      "empirical_rate": [
        0.02512562814070352,
        0.020257826887661142,
        0.0421792618629174,
        0.03866432337434095,
        0.03333333333333333,
        0.03508771929824561,
        0.05975395430579965,
        0.04433497536945813,
        0.06286549707602339,
        0.0746987951807229
      ]
    }
  }
}