{
  "readmission": {
    "n": 5695,
    "positives": 246,
    "prevalence": 0.04319578577699736,
    "roc_auc": 0.6110209675229438,
    "pr_auc": 0.061402136772996725,
    "brier": 0.041143573284438906,
    "ece": 0.00722155114444481,
    "threshold": 0.06832980790212652,
    "precision": 0.08538587848932677,
    "recall": 0.21138211382113822,
    "f1": 0.1216374269005848,
    "specificity": 0.8977794090658836,
    "accuracy": 0.8681299385425812,
    "cm": {
      "tp": 52,
      "tn": 4892,
      "fp": 557,
      "fn": 194
    },
    "calibration_bins": {
      "bin": [
        "(0.00533, 0.0194]",
        "(0.0194, 0.0249]",
        "(0.0249, 0.0309]",
        "(0.0309, 0.0375]",
        "(0.0375, 0.0413]",
        "(0.0413, 0.0453]",
        "(0.0453, 0.0525]",
        "(0.0525, 0.0607]",
        "(0.0607, 0.0683]",
        "(0.0683, 0.175]"
      ],
      "count": [
        656,
        497,
        569,
        556,
        583,
        559,
        569,
        569,
        626,
        511
      ],
      "mean_proba": [
        0.017923819323696844,
        0.022196250122330275,
        0.028206690115340775,
        0.034655070722615866,
        0.03936514449313425,
        0.04314361007529626,
        0.04886205531018418,
        0.05672824690708887,
        0.06454458495300243,
        0.0822422617956041
      ],
      "empirical_rate": [
        0.027439024390243903,
        0.012072434607645875,
        0.03690685413005272,
        0.025179856115107913,
        0.048027444253859346,
        0.04830053667262969,
        0.043936731107205626,
        0.04569420035149385,
        0.06549520766773163,
        0.07827788649706457
      ]
    }
  }
}