{
  "readmission": {
    "n": 5695,
    "positives": 246,
    "prevalence": 0.04319578577699736,
    "roc_auc": 0.592584676534965,
    "pr_auc": 0.05922887120269518,
    "brier": 0.04118333008912671,
    "ece": 0.0064245956289718225,
    "threshold": 0.06062453610784555,
    "precision": 0.07960893854748603,
    "recall": 0.23170731707317074,
    "f1": 0.11850311850311851,
    "specificity": 0.8790603780510186,
    "accuracy": 0.8510974539069359,
    "cm": {
      "tp": 57,
      "tn": 4790,
      "fp": 659,
      "fn": 189
    },
    "calibration_bins": {
      "bin": [
        "(-0.001, 0.0225]",
        "(0.0225, 0.0276]",
        "(0.0276, 0.0326]",
        "(0.0326, 0.0394]",
        "(0.0394, 0.0437]",
        "(0.0437, 0.0479]",
        "(0.0479, 0.0519]",
        "(0.0519, 0.0566]",
        "(0.0566, 0.0617]",
        "(0.0617, 0.122]"
      ],
      "count": [
        581,
        559,
        569,
        570,
        570,
        571,
        567,
        584,
        594,
        530
      ],
      "mean_proba": [
        0.02083119836450247,
        0.025356732899002407,
        0.029752067598933816,
        0.03617341081239214,
        0.04166531364473038,
        0.045812307851014755,
        0.05008894248848838,
        0.053965916095329074,
        0.05947004185253139,
        0.07191955892777993
      ],
      "empirical_rate": [
        0.025817555938037865,
        0.017889087656529516,
        0.04569420035149385,
        0.03859649122807018,
        0.03333333333333333,
        0.047285464098073555,
        0.03527336860670194,
        0.05136986301369863,
        0.06397306397306397,
        0.07358490566037736
      ]
    }
  }
}