{
  "readmission": {
    "n": 5695,
    "positives": 246,
    "prevalence": 0.04319578577699736,
    "roc_auc": 0.6127893982188124,
    "pr_auc": 0.06275336906093104,
    "brier": 0.041101427541001885,
    "ece": 0.005705979122242837,
    "threshold": 0.06652625713754733,
    "precision": 0.08229813664596274,
    "recall": 0.21544715447154472,
    "f1": 0.11910112359550562,
    "specificity": 0.8915397320609286,
    "accuracy": 0.8623353819139596,
    "cm": {
      "tp": 53,
      "tn": 4858,
      "fp": 591,
      "fn": 193
    },
    "calibration_bins": {
      "bin": [
        "(-0.001, 0.0185]",
        "(0.0185, 0.0246]",
        "(0.0246, 0.0308]",
        "(0.0308, 0.0372]",
        "(0.0372, 0.0425]",
        "(0.0425, 0.0476]",
        "(0.0476, 0.0533]",
        "(0.0533, 0.0579]",
        "(0.0579, 0.0686]",
        "(0.0686, 0.15]"
      ],
      "count": [
        572,
        567,
        612,
        528,
        571,
        568,
        568,
        571,
        577,
        561
      ],
      "mean_proba": [
        0.01760015674839209,
        0.021237469823690815,
        0.028088713944744954,
        0.03430133512805135,
        0.039956343505256744,
        0.045109591420201926,
        0.05075447031730905,
        0.05556982825455086,
        0.06253651958212365,
        0.08101253125208611
      ],
      "empirical_rate": [
        0.022727272727272728,
        0.015873015873015872,
        0.03104575163398693,
        0.041666666666666664,
        0.03852889667250438,
        0.0528169014084507,
        0.03873239436619718,
        0.0595446584938704,
        0.05199306759098787,
        0.08021390374331551
      ]
    }
  }
}