{
  "readmission": {
    "n": 5695,
    "positives": 246,
    "prevalence": 0.04319578577699736,
    "roc_auc": 0.6179812958893032,
    "pr_auc": 0.06394606535316694,
    "brier": 0.04106460820673443,
    "ece": 0.005902503495112763,
    "threshold": 0.06269158157286722,
    "precision": 0.0856353591160221,
    "recall": 0.25203252032520324,
    "f1": 0.12783505154639174,
    "specificity": 0.8785098183152872,
    "accuracy": 0.8514486391571554,
    "cm": {
      "tp": 62,
      "tn": 4787,
      "fp": 662,
      "fn": 184
    },
    "calibration_bins": {
      "bin": [
        "(-0.001, 0.0197]",
        "(0.0197, 0.0243]",
        "(0.0243, 0.0316]",
        "(0.0316, 0.0386]",
        "(0.0386, 0.0439]",
        "(0.0439, 0.0471]",
        "(0.0471, 0.0519]",
        "(0.0519, 0.0581]",
        "(0.0581, 0.0651]",
        "(0.0651, 0.135]"
      ],
      "count": [
        662,
        534,
        517,
        573,
        566,
        565,
        576,
        584,
        619,
        499
      ],
      "mean_proba": [
        0.0190553664814399,
        0.022379343665700265,
        0.028053513179923776,
        0.03550230414880095,
        0.041459106100606935,
        0.04560373394377265,
        0.049804357782491655,
        0.05512801055974279,
        0.06190306108936726,
        0.08150524212580693
      ],
      "empirical_rate": [
        0.02416918429003021,
        0.0149812734082397,
        0.03288201160541586,
        0.02617801047120419,
        0.04946996466431095,
        0.04247787610619469,
        0.046875,
        0.059931506849315065,
        0.05331179321486268,
        0.08617234468937876
      ]
    }
  }
}