{
  "readmission": {
    "n": 5695,
    "positives": 246,
    "prevalence": 0.04319578577699736,
    "roc_auc": 0.6106613878581437,
    "pr_auc": 0.06130270053004116,
    "brier": 0.041093411746080215,
    "ece": 0.005441839143542244,
    "threshold": 0.06394499614602525,
    "precision": 0.08035714285714286,
    "recall": 0.21951219512195122,
    "f1": 0.11764705882352941,
    "specificity": 0.8865846944393466,
    "accuracy": 0.8577699736611062,
    "cm": {
      "tp": 54,
      "tn": 4831,
      "fp": 618,
      "fn": 192
    },
    "calibration_bins": {
      "bin": [
        "(0.00261, 0.0214]",
        "(0.0214, 0.0244]",
        "(0.0244, 0.0301]",
        "(0.0301, 0.0376]",
        "(0.0376, 0.0441]",
        "(0.0441, 0.0485]",
        "(0.0485, 0.0521]",
        "(0.0521, 0.0573]",
        "(0.0573, 0.0651]",
        "(0.0651, 0.114]"
      ],
      "count": [
        681,
        459,
        575,
        569,
        630,
        503,
        580,
        559,
        601,
        538
      ],
      "mean_proba": [
        0.01975348895692918,
        0.02269395092697705,
        0.027000873851957097,
        0.03403616718432479,
        0.041563335539115044,
        0.04644639228440752,
        0.050472587767086435,
        0.05486019683314489,
        0.06122571215221024,
        0.07804556520501146
      ],
      "empirical_rate": [
        0.024963289280469897,
        0.013071895424836602,
        0.02608695652173913,
        0.04569420035149385,
        0.04285714285714286,
        0.04771371769383698,
        0.03793103448275862,
        0.059033989266547404,
        0.05490848585690516,
        0.07992565055762081
      ]
    }
  }
}