{
  "model_type": "logreg",
  "pos_weight": 2.920467181057794,
  "C": 0.3572311651287179,
  "min_recall": null,
  "feature_select_C": 0.7871451949622682,
  "phenotype_clusters": 0,
  "stack_readmission": 0,
  "roc_auc": 0.6103137444477766,
  "pr_auc": 0.06339429765457413,
  "f1": 0.1244343891402715,
  "precision": 0.08620689655172414,
  "recall": 0.22357723577235772,
  "brier": 0.04108387345108754,
  "ece": 0.00577022228286801,
  "threshold": 0.06561834121415375,
  "run_dir": "project/tuning/logistic_joint\\trial_4\\logreg_pw2.920467181057794_C0.3572311651287179_fs0.7871451949622682_ph0"
}