{
  "readmission": {
    "n": 5695,
    "positives": 246,
    "prevalence": 0.04319578577699736,
    "roc_auc": 0.6147928239238348,
    "pr_auc": 0.06220126846707813,
    "brier": 0.04108238949811418,
    "ece": 0.004502977996173967,
    "threshold": 0.06905264810102173,
    "precision": 0.08775510204081632,
    "recall": 0.17479674796747968,
    "f1": 0.11684782608695653,
    "specificity": 0.9179665993760323,
    "accuracy": 0.8858647936786654,
    "cm": {
      "tp": 43,
      "tn": 5002,
      "fp": 447,
      "fn": 203
    },
    "calibration_bins": {
      "bin": [
        "(-0.001, 0.0193]",
        "(0.0193, 0.0243]",
        "(0.0243, 0.0303]",
        "(0.0303, 0.0369]",
        "(0.0369, 0.0438]",
        "(0.0438, 0.0492]",
        "(0.0492, 0.0528]",
        "(0.0528, 0.0585]",
        "(0.0585, 0.0669]",
        "(0.0669, 0.141]"
      ],
      "count": [
        646,
        494,
        572,
        586,
        551,
        568,
        604,
        535,
        575,
        564
      ],
      "mean_proba": [
        0.01845107820563996,
        0.02184546969590847,
        0.027120144589050436,
        0.03371678363270865,
        0.04043536160689423,
        0.046537110390103234,
        0.05165775918932839,
        0.05553160880379887,
        0.06218189422998233,
        0.0799065173831281
      ],
      "empirical_rate": [
        0.02476780185758514,
        0.012145748987854251,
        0.02972027972027972,
        0.03754266211604096,
        0.039927404718693285,
        0.040492957746478875,
        0.057947019867549666,
        0.05046728971962617,
        0.059130434782608696,
        0.07801418439716312
      ]
    }
  }
}