{
  "readmission": {
    "n": 5695,
    "positives": 246,
    "prevalence": 0.04319578577699736,
    "roc_auc": 0.5959704697065323,
    "pr_auc": 0.05822156066710927,
    "brier": 0.21136260198799822,
    "ece": 0.33818304697072565,
    "threshold": 0.60076043067203,
    "precision": 0.07124895222129086,
    "recall": 0.34552845528455284,
    "f1": 0.11813759555246699,
    "specificity": 0.79665993760323,
    "accuracy": 0.7771729587357331,
    "cm": {
      "tp": 85,
      "tn": 4341,
      "fp": 1108,
      "fn": 161
    },
    "calibration_bins": {
      "bin": [
        "(-0.001, 0.0232]",
        "(0.0232, 0.0939]",
        "(0.0939, 0.193]",
        "(0.193, 0.306]",
        "(0.306, 0.389]",
        "(0.389, 0.466]",
        "(0.466, 0.536]",
        "(0.536, 0.607]",
        "(0.607, 0.702]",
        "(0.702, 1.0]"
      ],
      "count": [
        570,
        569,
        570,
        569,
        570,
        569,
        569,
        570,
        569,
        570
      ],
      "mean_proba": [
        0.00544902668698301,
        0.056772331448408986,
        0.138980536750638,
        0.25043449873992474,
        0.34927897375121364,
        0.43064474745754106,
        0.5025536436585598,
        0.5707818964316477,
        0.649135055414426,
        0.8179936461486607
      ],
      "empirical_rate": [
        0.02631578947368421,
        0.026362038664323375,
        0.03684210526315789,
        0.03690685413005272,
        0.03333333333333333,
        0.029876977152899824,
        0.04745166959578207,
        0.05789473684210526,
        0.06502636203866433,
        0.07192982456140351
      ]
    }
  }
}