{
  "readmission": {
    "n": 5695,
    "positives": 246,
    "prevalence": 0.04319578577699736,
    "roc_auc": 0.6137633219789713,
    "pr_auc": 0.0614575667089271,
    "brier": 0.04111840699613231,
    "ece": 0.003248394714930938,
    "threshold": 0.06039806972019054,
    "precision": 0.07130584192439862,
    "recall": 0.33739837398373984,
    "f1": 0.11773049645390071,
    "specificity": 0.8016149752248118,
    "accuracy": 0.7815627743634768,
    "cm": {
      "tp": 83,
      "tn": 4368,
      "fp": 1081,
      "fn": 163
    },
    "calibration_bins": {
      "bin": [
        "(0.00583, 0.0199]",
        "(0.0199, 0.0244]",
        "(0.0244, 0.0308]",
        "(0.0308, 0.0369]",
        "(0.0369, 0.0403]",
        "(0.0403, 0.0447]",
        "(0.0447, 0.052]",
        "(0.052, 0.0608]",
        "(0.0608, 0.0697]",
        "(0.0697, 0.168]"
      ],
      "count": [
        655,
        484,
        570,
        600,
        542,
        568,
        567,
        574,
        566,
        569
      ],
      "mean_proba": [
        0.018558933922911126,
        0.022013817083638827,
        0.027795074196501866,
        0.034449392106660155,
        0.039316106675662314,
        0.04278974924875225,
        0.04826456637592784,
        0.056223023444787634,
        0.06479308577134289,
        0.0818196253013894
      ],
      "empirical_rate": [
        0.021374045801526718,
        0.02066115702479339,
        0.028070175438596492,
        0.03166666666666667,
        0.04797047970479705,
        0.04401408450704225,
        0.04938271604938271,
        0.047038327526132406,
        0.06537102473498234,
        0.0773286467486819
      ]
    }
  }
}