{
  "model_type": "logreg",
  "pos_weight": 2.920749255348655,
  "C": 0.42569852236268724,
  "min_recall": null,
  "feature_select_C": 0.6160892061159975,
  "phenotype_clusters": 4,
  "stack_readmission": 1,
  "roc_auc": 0.6110407369443487,
  "pr_auc": 0.06252853998985014,
  "f1": 0.12114989733059549,
  "precision": 0.08104395604395605,
  "recall": 0.23983739837398374,
  "brier": 0.041102582892654754,
  "ece": 0.0035513509938895713,
  "threshold": 0.0626817422982722,
  "run_dir": "project/tuning/logistic_joint\\trial_3\\logreg_pw2.920749255348655_C0.42569852236268724_fs0.6160892061159975_ph4_stack"
}