{
  "trial": 1,
  "params": {
    "n_estimators": 400,
    "learning_rate": 0.042529712395095405,
    "max_depth": 6,
    "subsample": 0.7523974424559519,
    "colsample_bytree": 0.8279030814489259,
    "reg_lambda": 1.3888946095325585,
    "reg_alpha": 0.23446710721493041
  },
  "roc_auc": NaN,
  "duration_sec": 1.8460357189178467
}