{
  "readmission": {
    "n": 5695,
    "positives": 246,
    "prevalence": 0.04319578577699736,
    "roc_auc": 0.6080268326999658,
    "pr_auc": 0.06204095325483373,
    "brier": 0.04110024393723885,
    "ece": 0.007645431355171893,
    "threshold": 0.0543785919026721,
    "precision": 0.06843403205918619,
    "recall": 0.45121951219512196,
    "f1": 0.11884368308351177,
    "specificity": 0.7227014131033217,
    "accuracy": 0.710974539069359,
    "cm": {
      "tp": 111,
      "tn": 3938,
      "fp": 1511,
      "fn": 135
    },
    "calibration_bins": {
      "bin": [
        "(0.00247, 0.0198]",
        "(0.0198, 0.0244]",
        "(0.0244, 0.03]",
        "(0.03, 0.0371]",
        "(0.0371, 0.0435]",
        "(0.0435, 0.0486]",
        "(0.0486, 0.0532]",
        "(0.0532, 0.0586]",
        "(0.0586, 0.0661]",
        "(0.0661, 0.11]"
      ],
      "count": [
        615,
        528,
        567,
        569,
        570,
        568,
        574,
        565,
        569,
        570
      ],
      "mean_proba": [
        0.018952303122870592,
        0.022113417704568903,
        0.027176415353615507,
        0.03344161860109291,
        0.04025242653816161,
        0.04582147707074773,
        0.051644528255488154,
        0.05606726181660948,
        0.06233546371823884,
        0.07797806196684519
      ],
      "empirical_rate": [
        0.027642276422764227,
        0.011363636363636364,
        0.03527336860670194,
        0.0421792618629174,
        0.03684210526315789,
        0.04401408450704225,
        0.033101045296167246,
        0.06371681415929203,
        0.056239015817223195,
        0.08070175438596491
      ]
    }
  }
}