{
  "mortality": {
    "n": 5695,
    "positives": 622,
    "prevalence": 0.10921861281826163,
    "roc_auc": 0.8244653778309352,
    "pr_auc": 0.3802219459047011,
    "brier": 0.16771580163786093,
    "ece": 0.23495825427032857,
    "threshold": 0.6999222984029033,
    "precision": 0.3685968819599109,
    "recall": 0.5321543408360129,
    "f1": 0.4355263157894737,
    "specificity": 0.8882318154937907,
    "accuracy": 0.8493415276558385,
    "cm": {
      "tp": 331,
      "tn": 4506,
      "fp": 567,
      "fn": 291
    },
    "calibration_bins": {
      "bin": [
        "(-0.001, 0.00257]",
        "(0.00257, 0.0405]",
        "(0.0405, 0.106]",
        "(0.106, 0.188]",
        "(0.188, 0.286]",
        "(0.286, 0.393]",
        "(0.393, 0.511]",
        "(0.511, 0.636]",
        "(0.636, 0.787]",
        "(0.787, 1.0]"
      ],
      "count": [
        570,
        569,
        570,
        569,
        570,
        569,
        569,
        570,
        569,
        570
      ],
      "mean_proba": [
        0.0006832968086218457,
        0.016704005496678005,
        0.0699584165543129,
        0.1461494199457128,
        0.23727378117120232,
        0.3380653829709,
        0.45032498386687364,
        0.5726299144361057,
        0.7110111961412536,
        0.8861969208886401
      ],
      "empirical_rate": [
        0.007017543859649123,
        0.008787346221441126,
        0.014035087719298246,
        0.02460456942003515,
        0.06140350877192982,
        0.06678383128295255,
        0.10720562390158173,
        0.14035087719298245,
        0.24077328646748683,
        0.42105263157894735
      ]
    }
  },
  "prolonged_los": {
    "n": 5695,
    "positives": 2976,
    "prevalence": 0.5225636523266023,
    "roc_auc": 0.7940759124361818,
    "pr_auc": 0.7865669391143049,
    "brier": 0.18503459654706275,
    "ece": 0.028013212819165342,
    "threshold": 0.3770938964978687,
    "precision": 0.693935119887165,
    "recall": 0.8266129032258065,
    "f1": 0.7544855083576139,
    "specificity": 0.6009562339095256,
    "accuracy": 0.7188762071992977,
    "cm": {
      "tp": 2460,
      "tn": 1634,
      "fp": 1085,
      "fn": 516
    },
    "calibration_bins": {
      "bin": [
        "(-0.0009999999999999987, 0.168]",
        "(0.168, 0.256]",
        "(0.256, 0.322]",
        "(0.322, 0.393]",
        "(0.393, 0.48]",
        "(0.48, 0.582]",
        "(0.582, 0.708]",
        "(0.708, 0.816]",
        "(0.816, 0.873]",
        "(0.873, 1.0]"
      ],
      "count": [
        570,
        569,
        585,
        554,
        570,
        569,
        569,
        570,
        569,
        570
      ],
      "mean_proba": [
        0.07891591149210238,
        0.21575960229229166,
        0.2922135407797487,
        0.35788343234749576,
        0.4346691978753746,
        0.5294502164547176,
        0.643942791765429,
        0.7692552907636991,
        0.8460335588449779,
        0.9212482730580027
      ],
      "empirical_rate": [
        0.11052631578947368,
        0.24253075571177504,
        0.28376068376068375,
        0.37184115523465705,
        0.4842105263157895,
        0.562390158172232,
        0.671353251318102,
        0.7964912280701755,
        0.8418277680140598,
        0.8631578947368421
      ]
    }
  },
  "readmission": {
    "n": 5695,
    "positives": 246,
    "prevalence": 0.04319578577699736,
    "roc_auc": 0.5797841626792116,
    "pr_auc": 0.05743653475050123,
    "brier": 0.04155440898177662,
    "ece": 0.007863517617470415,
    "threshold": 0.04595192715242876,
    "precision": 0.07509881422924901,
    "recall": 0.23170731707317074,
    "f1": 0.11343283582089553,
    "specificity": 0.8711690218388696,
    "accuracy": 0.8435469710272169,
    "cm": {
      "tp": 57,
      "tn": 4747,
      "fp": 702,
      "fn": 189
    },
    "calibration_bins": {
      "bin": [
        "(0.00019000000000000006, 0.0393]",
        "(0.0393, 0.0415]",
        "(0.0415, 0.0429]",
        "(0.0429, 0.0438]",
        "(0.0438, 0.0443]",
        "(0.0443, 0.0448]",
        "(0.0448, 0.0452]",
        "(0.0452, 0.0456]",
        "(0.0456, 0.0462]",
        "(0.0462, 0.565]"
      ],
      "count": [
        570,
        569,
        570,
        569,
        570,
        569,
        569,
        570,
        569,
        570
      ],
      "mean_proba": [
        0.03351632323938496,
        0.04050232243933243,
        0.042208238018818366,
        0.0433469340798507,
        0.04406269531080731,
        0.04457947789481549,
        0.04501398941694054,
        0.04540223901573624,
        0.04586867423866076,
        0.05299361647698036
      ],
      "empirical_rate": [
        0.03333333333333333,
        0.022847100175746926,
        0.03684210526315789,
        0.040421792618629174,
        0.03684210526315789,
        0.0421792618629174,
        0.03866432337434095,
        0.05263157894736842,
        0.056239015817223195,
        0.07192982456140351
      ]
    }
  }
}