{
  "model_type": "logreg",
  "pos_weight": 2.8780235490159285,
  "C": 2.007538210415543,
  "min_recall": null,
  "roc_auc": 0.5902985108030563,
  "pr_auc": 0.05954924466106988,
  "f1": 0.11561866125760649,
  "precision": 0.07702702702702703,
  "recall": 0.23170731707317074,
  "brier": 0.041185124527845195,
  "ece": 0.0048189329488729695,
  "threshold": 0.06001459857562277,
  "run_dir": "project/runs/optuna_short\\trial_2\\logreg_pw2.8780235490159285_C2.007538210415543"
}