{
  "readmission": {
    "n": 5695,
    "positives": 246,
    "prevalence": 0.04319578577699736,
    "roc_auc": 0.601072099452872,
    "pr_auc": 0.06034734847156273,
    "brier": 0.04114423887876476,
    "ece": 0.006535755688481761,
    "threshold": 0.056503161933075786,
    "precision": 0.07379767827529021,
    "recall": 0.3617886178861789,
    "f1": 0.12258953168044077,
    "specificity": 0.795008258396036,
    "accuracy": 0.7762949956101843,
    "cm": {
      "tp": 89,
      "tn": 4332,
      "fp": 1117,
      "fn": 157
    },
    "calibration_bins": {
      "bin": [
        "(0.00182, 0.0181]",
        "(0.0181, 0.0255]",
        "(0.0255, 0.0344]",
        "(0.0344, 0.0394]",
        "(0.0394, 0.0445]",
        "(0.0445, 0.0485]",
        "(0.0485, 0.0527]",
        "(0.0527, 0.0575]",
        "(0.0575, 0.0663]",
        "(0.0663, 0.102]"
      ],
      "count": [
        746,
        398,
        669,
        478,
        558,
        651,
        495,
        592,
        561,
        547
      ],
      "mean_proba": [
        0.016056784515351162,
        0.022224542712207678,
        0.030740032823140282,
        0.037746660000341256,
        0.042417382787759535,
        0.04692679807769839,
        0.04990556011608872,
        0.054297974094841384,
        0.061769778476984886,
        0.07631664150656342
      ],
      "empirical_rate": [
        0.021447721179624665,
        0.03015075376884422,
        0.04185351270553064,
        0.03556485355648536,
        0.03225806451612903,
        0.03686635944700461,
        0.052525252525252523,
        0.05067567567567568,
        0.05525846702317291,
        0.08043875685557587
      ]
    }
  }
}