{
  "readmission": {
    "n": 5695,
    "positives": 246,
    "prevalence": 0.04319578577699736,
    "roc_auc": 0.6117061831289996,
    "pr_auc": 0.06170281104537766,
    "brier": 0.04108723441743664,
    "ece": 0.005660945878743307,
    "threshold": 0.06424976269384967,
    "precision": 0.07989347536617843,
    "recall": 0.24390243902439024,
    "f1": 0.12036108324974924,
    "specificity": 0.8731877408698844,
    "accuracy": 0.8460052677787533,
    "cm": {
      "tp": 60,
      "tn": 4758,
      "fp": 691,
      "fn": 186
    },
    "calibration_bins": {
      "bin": [
        "(0.00254, 0.02]",
        "(0.02, 0.0226]",
        "(0.0226, 0.0291]",
        "(0.0291, 0.0372]",
        "(0.0372, 0.0431]",
        "(0.0431, 0.0478]",
        "(0.0478, 0.0539]",
        "(0.0539, 0.0591]",
        "(0.0591, 0.0667]",
        "(0.0667, 0.117]"
      ],
      "count": [
        682,
        463,
        575,
        564,
        591,
        542,
        569,
        611,
        537,
        561
      ],
      "mean_proba": [
        0.019473977631906718,
        0.02135428094552592,
        0.025807442523468557,
        0.03341309715205227,
        0.04063500879989475,
        0.04605173520387976,
        0.05081428830255773,
        0.05617179855186635,
        0.06280306120499363,
        0.07947721820822709
      ],
      "empirical_rate": [
        0.024926686217008796,
        0.01079913606911447,
        0.03130434782608696,
        0.040780141843971635,
        0.047377326565143825,
        0.03505535055350553,
        0.0492091388400703,
        0.054009819967266774,
        0.055865921787709494,
        0.08021390374331551
      ]
    }
  }
}