{
  "readmission": {
    "n": 5694,
    "positives": 261,
    "prevalence": 0.0458377239199157,
    "roc_auc": 0.625145890764048,
    "pr_auc": 0.07138317719509607,
    "brier": 0.0433809626483889,
    "ece": 0.005766634297724111,
    "threshold": 0.06343041332249108,
    "precision": 0.08886107634543179,
    "recall": 0.2720306513409962,
    "f1": 0.1339622641509434,
    "specificity": 0.8660040493281796,
    "accuracy": 0.8387776606954689,
    "cm": {
      "tp": 71,
      "tn": 4705,
      "fp": 728,
      "fn": 190
    },
    "calibration_bins": {
      "bin": [
        "(0.0203, 0.0251]",
        "(0.0251, 0.0291]",
        "(0.0291, 0.0336]",
        "(0.0336, 0.0382]",
        "(0.0382, 0.0424]",
        "(0.0424, 0.0471]",
        "(0.0471, 0.0526]",
        "(0.0526, 0.0591]",
        "(0.0591, 0.0666]",
        "(0.0666, 0.0883]"
      ],
      "count": [
        570,
        569,
        569,
        570,
        569,
        569,
        570,
        569,
        569,
        570
      ],
      "mean_proba": [
        0.023447877367894727,
        0.0270396957411724,
        0.03132198544676379,
        0.03593751084730433,
        0.04021867300048116,
        0.04468518242383876,
        0.04971053822658026,
        0.05579402915816725,
        0.0626619890340682,
        0.07171355881186295
      ],
      "empirical_rate": [
        0.015789473684210527,
        0.026362038664323375,
        0.02460456942003515,
        0.04736842105263158,
        0.0421792618629174,
        0.04569420035149385,
        0.043859649122807015,
        0.05799648506151142,
        0.0773286467486819,
        0.07719298245614035
      ]
    }
  },
  "meta": {
    "evaluation_split": "val",
    "train_size": 17083,
    "eval_size": 5694
  }
}