{
  "model_type": "logreg",
  "pos_weight": 1.1956486839056286,
  "C": 3.6179277923074378,
  "min_recall": null,
  "feature_select_C": 0.06571020582028023,
  "phenotype_clusters": 0,
  "stack_readmission": 1,
  "roc_auc": 0.6024649111420459,
  "pr_auc": 0.058211996468761046,
  "f1": 0.11213389121338913,
  "precision": 0.07060063224446786,
  "recall": 0.27235772357723576,
  "brier": 0.041174780766953585,
  "ece": 0.004855141773883987,
  "threshold": 0.061082295717906895,
  "run_dir": "project/tuning/logistic_joint\\trial_9\\logreg_pw1.1956486839056286_C3.6179277923074378_fs0.06571020582028023_ph0_stack"
}