{
  "readmission": {
    "n": 5695,
    "positives": 246,
    "prevalence": 0.04319578577699736,
    "roc_auc": 0.6139132711752884,
    "pr_auc": 0.06239004219779563,
    "brier": 0.04106578941233864,
    "ece": 0.003989576576944782,
    "threshold": 0.06225459261287549,
    "precision": 0.07425742574257425,
    "recall": 0.3048780487804878,
    "f1": 0.11942675159235669,
    "specificity": 0.8284088823637364,
    "accuracy": 0.8057945566286216,
    "cm": {
      "tp": 75,
      "tn": 4514,
      "fp": 935,
      "fn": 171
    },
    "calibration_bins": {
      "bin": [
        "(0.00249, 0.0186]",
        "(0.0186, 0.024]",
        "(0.024, 0.0294]",
        "(0.0294, 0.0365]",
        "(0.0365, 0.0432]",
        "(0.0432, 0.0484]",
        "(0.0484, 0.0538]",
        "(0.0538, 0.0604]",
        "(0.0604, 0.0677]",
        "(0.0677, 0.104]"
      ],
      "count": [
        606,
        533,
        572,
        567,
        596,
        543,
        574,
        571,
        577,
        556
      ],
      "mean_proba": [
        0.01767795261437553,
        0.021613229260345455,
        0.02682066618185794,
        0.032931275084254114,
        0.0401649123834259,
        0.04604042929025019,
        0.05120578382867537,
        0.05697058590042818,
        0.06399444787576236,
        0.07888180045540273
      ],
      "empirical_rate": [
        0.028052805280528052,
        0.013133208255159476,
        0.027972027972027972,
        0.03880070546737213,
        0.03859060402684564,
        0.04419889502762431,
        0.047038327526132406,
        0.0542907180385289,
        0.060658578856152515,
        0.07913669064748201
      ]
    }
  }
}