{
  "model_type": "logreg",
  "pos_weight": 0.6360059883894198,
  "C": 1.2218124363732543,
  "min_recall": null,
  "feature_select_C": 0.9220910063405567,
  "phenotype_clusters": 0,
  "stack_readmission": 0,
  "roc_auc": 0.6139132711752884,
  "pr_auc": 0.06239004219779563,
  "f1": 0.11942675159235669,
  "precision": 0.07425742574257425,
  "recall": 0.3048780487804878,
  "brier": 0.04106578941233864,
  "ece": 0.003989576576944782,
  "threshold": 0.06225459261287549,
  "run_dir": "project/tuning/logistic_joint\\trial_47\\logreg_pw0.6360059883894198_C1.2218124363732543_fs0.9220910063405567_ph0"
}