{
  "mortality": {
    "n": 1000,
    "positives": 119,
    "prevalence": 0.119,
    "roc_auc": 0.8468175011207661,
    "pr_auc": 0.4721482444284894,
    "brier": 0.08414753959653341,
    "ece": 0.023329457766689737,
    "threshold": 0.23905561838370154,
    "precision": 0.341991341991342,
    "recall": 0.6638655462184874,
    "f1": 0.4514285714285714,
    "specificity": 0.8274687854710556,
    "accuracy": 0.808,
    "cm": {
      "tp": 79,
      "tn": 729,
      "fp": 152,
      "fn": 40
    },
    "calibration_bins": {
      "bin": [
        "(0.0029100000000000003, 0.0123]",
        "(0.0123, 0.0147]",
        "(0.0147, 0.0197]",
        "(0.0197, 0.0383]",
        "(0.0383, 0.0662]",
        "(0.0662, 0.0953]",
        "(0.0953, 0.172]",
        "(0.172, 0.276]",
        "(0.276, 0.406]",
        "(0.406, 0.645]"
      ],
      "count": [
        129,
        74,
        100,
        97,
        100,
        100,
        100,
        101,
        110,
        89
      ],
      "mean_proba": [
        0.011135712193362148,
        0.013042214305309607,
        0.016923015276001655,
        0.029366826565284238,
        0.04945642149012234,
        0.0777839788966471,
        0.1319612533382344,
        0.22244154582754797,
        0.34702889438747514,
        0.5040615337222497
      ],
      "empirical_rate": [
        0.0,
        0.013513513513513514,
        0.0,
        0.020618556701030927,
        0.06,
        0.08,
        0.1,
        0.22772277227722773,
        0.21818181818181817,
        0.5056179775280899
      ]
    }
  },
  "prolonged_los": {
    "n": 1000,
    "positives": 508,
    "prevalence": 0.508,
    "roc_auc": 0.7902563056142373,
    "pr_auc": 0.7669404890220091,
    "brier": 0.1892411894574795,
    "ece": 0.059027257161785814,
    "threshold": 0.43947903527819576,
    "precision": 0.6661676646706587,
    "recall": 0.8759842519685039,
    "f1": 0.7568027210884354,
    "specificity": 0.5467479674796748,
    "accuracy": 0.714,
    "cm": {
      "tp": 445,
      "tn": 269,
      "fp": 223,
      "fn": 63
    },
    "calibration_bins": {
      "bin": [
        "(0.076, 0.202]",
        "(0.202, 0.306]",
        "(0.306, 0.401]",
        "(0.401, 0.493]",
        "(0.493, 0.553]",
        "(0.553, 0.663]",
        "(0.663, 0.772]",
        "(0.772, 0.849]",
        "(0.849, 0.854]",
        "(0.854, 0.856]"
      ],
      "count": [
        100,
        100,
        100,
        100,
        100,
        104,
        98,
        102,
        187,
        9
      ],
      "mean_proba": [
        0.1612507494898141,
        0.2599873023831144,
        0.3436544271357907,
        0.4504313870590557,
        0.5243877085471769,
        0.6152415573183091,
        0.7183355324028076,
        0.8180804741944478,
        0.8541721827803054,
        0.8562829592321265
      ],
      "empirical_rate": [
        0.09,
        0.23,
        0.23,
        0.4,
        0.49,
        0.5192307692307693,
        0.7448979591836735,
        0.7352941176470589,
        0.8181818181818182,
        1.0
      ]
    }
  },
  "readmission": {
    "n": 1000,
    "positives": 37,
    "prevalence": 0.037,
    "roc_auc": 0.7143919620555135,
    "pr_auc": 0.08077969654116678,
    "brier": 0.03506050422002767,
    "ece": 0.014552573160053265,
    "threshold": 0.07468795770857621,
    "precision": 0.12727272727272726,
    "recall": 0.1891891891891892,
    "f1": 0.15217391304347827,
    "specificity": 0.9501557632398754,
    "accuracy": 0.922,
    "cm": {
      "tp": 7,
      "tn": 915,
      "fp": 48,
      "fn": 30
    },
    "calibration_bins": {
      "bin": [
        "(-0.001, 0.0224]",
        "(0.0224, 0.0282]",
        "(0.0282, 0.034]",
        "(0.034, 0.0413]",
        "(0.0413, 0.0452]",
        "(0.0452, 0.0493]",
        "(0.0493, 0.0539]",
        "(0.0539, 0.0624]",
        "(0.0624, 0.0667]",
        "(0.0667, 0.0998]"
      ],
      "count": [
        110,
        97,
        94,
        99,
        102,
        98,
        106,
        99,
        98,
        97
      ],
      "mean_proba": [
        0.01896292765312001,
        0.02589251498073734,
        0.03059978421463986,
        0.037543649876626554,
        0.043247183144914214,
        0.047288069047042816,
        0.05168626889444602,
        0.05843916554779361,
        0.06413362997651023,
        0.07622132633332372
      ],
      "empirical_rate": [
        0.0,
        0.010309278350515464,
        0.010638297872340425,
        0.020202020202020204,
        0.0196078431372549,
        0.061224489795918366,
        0.03773584905660377,
        0.06060606060606061,
        0.061224489795918366,
        0.09278350515463918
      ]
    }
  }
}