{
  "trial": 4,
  "params": {
    "n_estimators": 350,
    "learning_rate": 0.05660603978938997,
    "max_depth": 7,
    "subsample": 0.6741871466872046,
    "colsample_bytree": 0.6442271932391613,
    "reg_lambda": 0.7552440722997635,
    "reg_alpha": 0.4357481395454204
  },
  "roc_auc": NaN,
  "duration_sec": 1.8566398620605469
}