{
  "readmission": {
    "n": 5695,
    "positives": 246,
    "prevalence": 0.04319578577699736,
    "roc_auc": 0.6230859096992512,
    "pr_auc": 0.06061180951394134,
    "brier": 0.041078079715217354,
    "ece": 0.006055115887515106,
    "threshold": 0.04478158797475433,
    "precision": 0.06221020092735703,
    "recall": 0.6544715447154471,
    "f1": 0.11362032462949895,
    "specificity": 0.5545971737933566,
    "accuracy": 0.5589113257243196,
    "cm": {
      "tp": 161,
      "tn": 3022,
      "fp": 2427,
      "fn": 85
    },
    "calibration_bins": {
      "bin": [
        "(0.00373, 0.0175]",
        "(0.0175, 0.0306]",
        "(0.0306, 0.0352]",
        "(0.0352, 0.0388]",
        "(0.0388, 0.0429]",
        "(0.0429, 0.0471]",
        "(0.0471, 0.0521]",
        "(0.0521, 0.058]",
        "(0.058, 0.065]",
        "(0.065, 0.189]"
      ],
      "count": [
        572,
        572,
        565,
        569,
        570,
        569,
        569,
        580,
        559,
        570
      ],
      "mean_proba": [
        0.00902534102905533,
        0.02594783095825727,
        0.033022434183838906,
        0.03700185328816606,
        0.04078119405464703,
        0.04507555159628664,
        0.04957828135229928,
        0.05500058739526404,
        0.061209749886290694,
        0.07733195015484931
      ],
      "empirical_rate": [
        0.012237762237762238,
        0.022727272727272728,
        0.024778761061946902,
        0.029876977152899824,
        0.0456140350877193,
        0.05799648506151142,
        0.05799648506151142,
        0.05344827586206897,
        0.06082289803220036,
        0.06666666666666667
      ]
    }
  }
}