{
  "model_type": "hgb",
  "pos_weight": 0.697014098747826,
  "C": 0.09113456343528106,
  "min_recall": null,
  "feature_select_C": 1.3977310973408144,
  "phenotype_clusters": 0,
  "stack_readmission": 0,
  "roc_auc": 0.6230859096992512,
  "pr_auc": 0.06061180951394134,
  "f1": 0.11362032462949895,
  "precision": 0.06221020092735703,
  "recall": 0.6544715447154471,
  "brier": 0.041078079715217354,
  "ece": 0.006055115887515106,
  "threshold": 0.04478158797475433,
  "run_dir": "project/tuning/hgb_joint\\trial_11\\hgb_pw0.697014098747826_C0.09113456343528106_fs1.3977310973408144_ph0"
}