{
  "readmission": {
    "n": 5695,
    "positives": 246,
    "prevalence": 0.04319578577699736,
    "roc_auc": 0.6078951608932496,
    "pr_auc": 0.06033149594276951,
    "brier": 0.041157188079768814,
    "ece": 0.00399406905292689,
    "threshold": 0.05875200780297257,
    "precision": 0.06954436450839328,
    "recall": 0.35365853658536583,
    "f1": 0.11623246492985972,
    "specificity": 0.7863828225362451,
    "accuracy": 0.7676909569798068,
    "cm": {
      "tp": 87,
      "tn": 4285,
      "fp": 1164,
      "fn": 159
    },
    "calibration_bins": {
      "bin": [
        "(0.00499, 0.0171]",
        "(0.0171, 0.0242]",
        "(0.0242, 0.0314]",
        "(0.0314, 0.0373]",
        "(0.0373, 0.0419]",
        "(0.0419, 0.046]",
        "(0.046, 0.0516]",
        "(0.0516, 0.06]",
        "(0.06, 0.0711]",
        "(0.0711, 0.201]"
      ],
      "count": [
        575,
        565,
        569,
        569,
        638,
        502,
        576,
        573,
        558,
        570
      ],
      "mean_proba": [
        0.01618167426491141,
        0.02038410460500063,
        0.02802174658583893,
        0.03442246591055585,
        0.039842396243682035,
        0.044045843582660296,
        0.049030997089090526,
        0.055862715420699816,
        0.06544303348724306,
        0.0823469043673458
      ],
      "empirical_rate": [
        0.02782608695652174,
        0.019469026548672566,
        0.026362038664323375,
        0.0351493848857645,
        0.04075235109717868,
        0.049800796812749,
        0.041666666666666664,
        0.055846422338568937,
        0.05734767025089606,
        0.07894736842105263
      ]
    }
  }
}