{
  "readmission": {
    "n": 5695,
    "positives": 246,
    "prevalence": 0.04319578577699736,
    "roc_auc": 0.6102533171597087,
    "pr_auc": 0.062065788889492754,
    "brier": 0.041079924177115354,
    "ece": 0.004056542901215906,
    "threshold": 0.05975375912147483,
    "precision": 0.07411385606874328,
    "recall": 0.2804878048780488,
    "f1": 0.11724723874256585,
    "specificity": 0.8418058359331988,
    "accuracy": 0.8175592625109745,
    "cm": {
      "tp": 69,
      "tn": 4587,
      "fp": 862,
      "fn": 177
    },
    "calibration_bins": {
      "bin": [
        "(0.00285, 0.0208]",
        "(0.0208, 0.0241]",
        "(0.0241, 0.0317]",
        "(0.0317, 0.0384]",
        "(0.0384, 0.044]",
        "(0.044, 0.0474]",
        "(0.0474, 0.0522]",
        "(0.0522, 0.0573]",
        "(0.0573, 0.0655]",
        "(0.0655, 0.121]"
      ],
      "count": [
        716,
        431,
        574,
        564,
        574,
        558,
        569,
        576,
        649,
        484
      ],
      "mean_proba": [
        0.019637563078266744,
        0.02261973233984194,
        0.02815477683753483,
        0.03551591242170128,
        0.041388910512432604,
        0.04574431306825527,
        0.049876417303726814,
        0.05474483693495105,
        0.06155670310348205,
        0.0804955142248399
      ],
      "empirical_rate": [
        0.0223463687150838,
        0.013921113689095127,
        0.029616724738675958,
        0.040780141843971635,
        0.04529616724738676,
        0.044802867383512544,
        0.04569420035149385,
        0.059027777777777776,
        0.05238828967642527,
        0.08057851239669421
      ]
    }
  }
}