{
  "model_type": "logreg",
  "pos_weight": 2.302946660361783,
  "C": 0.5349485813337262,
  "min_recall": null,
  "roc_auc": 0.5927111262303667,
  "pr_auc": 0.059745301277456975,
  "f1": 0.11885245901639344,
  "precision": 0.07945205479452055,
  "recall": 0.23577235772357724,
  "brier": 0.0411859312691076,
  "ece": 0.0050911618945352335,
  "threshold": 0.061159630492357286,
  "run_dir": "project/runs/optuna_short\\trial_3\\logreg_pw2.302946660361783_C0.5349485813337262"
}