{
  "readmission": {
    "n": 5695,
    "positives": 246,
    "prevalence": 0.04319578577699736,
    "roc_auc": 0.6073718307379441,
    "pr_auc": 0.06213498341847857,
    "brier": 0.041109317823581425,
    "ece": 0.004992303138359048,
    "threshold": 0.0627294598046998,
    "precision": 0.08631319358816276,
    "recall": 0.2845528455284553,
    "f1": 0.13245033112582782,
    "specificity": 0.8640117452743623,
    "accuracy": 0.8389815627743635,
    "cm": {
      "tp": 70,
      "tn": 4708,
      "fp": 741,
      "fn": 176
    },
    "calibration_bins": {
      "bin": [
        "(0.00251, 0.0194]",
        "(0.0194, 0.0251]",
        "(0.0251, 0.0306]",
        "(0.0306, 0.0372]",
        "(0.0372, 0.0436]",
        "(0.0436, 0.0483]",
        "(0.0483, 0.0537]",
        "(0.0537, 0.0581]",
        "(0.0581, 0.067]",
        "(0.067, 0.133]"
      ],
      "count": [
        608,
        544,
        557,
        573,
        624,
        511,
        577,
        563,
        662,
        476
      ],
      "mean_proba": [
        0.01895322725520458,
        0.022611656230111396,
        0.027641168312598503,
        0.03402191947549018,
        0.040757724148506466,
        0.0463597220339917,
        0.05140425843516917,
        0.05563744425673241,
        0.06269181459617024,
        0.07953012743709742
      ],
      "empirical_rate": [
        0.02631578947368421,
        0.022058823529411766,
        0.025134649910233394,
        0.04712041884816754,
        0.03685897435897436,
        0.043052837573385516,
        0.045060658578856154,
        0.047957371225577264,
        0.06042296072507553,
        0.0819327731092437
      ]
    }
  }
}