{
  "readmission": {
    "n": 5695,
    "positives": 246,
    "prevalence": 0.04319578577699736,
    "roc_auc": 0.6187638665705798,
    "pr_auc": 0.06244934160953988,
    "brier": 0.04102709424126575,
    "ece": 0.007035546886993381,
    "threshold": 0.06186479991516643,
    "precision": 0.07957957957957958,
    "recall": 0.21544715447154472,
    "f1": 0.1162280701754386,
    "specificity": 0.8875022939988989,
    "accuracy": 0.8584723441615452,
    "cm": {
      "tp": 53,
      "tn": 4836,
      "fp": 613,
      "fn": 193
    },
    "calibration_bins": {
      "bin": [
        "(0.0035399999999999997, 0.0162]",
        "(0.0162, 0.0274]",
        "(0.0274, 0.0358]",
        "(0.0358, 0.0419]",
        "(0.0419, 0.0466]",
        "(0.0466, 0.0504]",
        "(0.0504, 0.0534]",
        "(0.0534, 0.0571]",
        "(0.0571, 0.0637]",
        "(0.0637, 0.16]"
      ],
      "count": [
        570,
        569,
        579,
        560,
        570,
        569,
        571,
        569,
        568,
        570
      ],
      "mean_proba": [
        0.009415721499113662,
        0.022215370837211243,
        0.03190992958883105,
        0.039097846248483566,
        0.044374388022036124,
        0.048396272548560576,
        0.05188987225280136,
        0.05534268175789706,
        0.059798546379988625,
        0.07301868921527116
      ],
      "empirical_rate": [
        0.012280701754385965,
        0.0210896309314587,
        0.03454231433506045,
        0.023214285714285715,
        0.04736842105263158,
        0.0632688927943761,
        0.0542907180385289,
        0.05272407732864675,
        0.04225352112676056,
        0.08070175438596491
      ]
    }
  }
}