{
  "readmission": {
    "n": 5695,
    "positives": 246,
    "prevalence": 0.04319578577699736,
    "roc_auc": 0.6110407369443487,
    "pr_auc": 0.06252853998985014,
    "brier": 0.041102582892654754,
    "ece": 0.0035513509938895713,
    "threshold": 0.0626817422982722,
    "precision": 0.08104395604395605,
    "recall": 0.23983739837398374,
    "f1": 0.12114989733059549,
    "specificity": 0.8772251789319141,
    "accuracy": 0.849692712906058,
    "cm": {
      "tp": 59,
      "tn": 4780,
      "fp": 669,
      "fn": 187
    },
    "calibration_bins": {
      "bin": [
        "(-0.001, 0.0208]",
        "(0.0208, 0.0254]",
        "(0.0254, 0.0308]",
        "(0.0308, 0.0384]",
        "(0.0384, 0.0441]",
        "(0.0441, 0.0478]",
        "(0.0478, 0.0523]",
        "(0.0523, 0.0573]",
        "(0.0573, 0.0656]",
        "(0.0656, 0.156]"
      ],
      "count": [
        617,
        539,
        553,
        572,
        572,
        586,
        620,
        533,
        533,
        570
      ],
      "mean_proba": [
        0.019617110288045768,
        0.02299787106617386,
        0.02799356276442119,
        0.03463870839435055,
        0.04163899478281246,
        0.04695670621827952,
        0.05077985970034867,
        0.05515496825940861,
        0.06099498357313517,
        0.07695426720272634
      ],
      "empirical_rate": [
        0.024311183144246355,
        0.016697588126159554,
        0.03074141048824593,
        0.03496503496503497,
        0.0472027972027972,
        0.04607508532423208,
        0.04032258064516129,
        0.054409005628517824,
        0.0600375234521576,
        0.07894736842105263
      ]
    }
  }
}