{
  "readmission": {
    "n": 5695,
    "positives": 246,
    "prevalence": 0.04319578577699736,
    "roc_auc": 0.6163654254454087,
    "pr_auc": 0.06380873331965142,
    "brier": 0.041051879350322194,
    "ece": 0.00686287225797783,
    "threshold": 0.06820259964958765,
    "precision": 0.09001956947162426,
    "recall": 0.18699186991869918,
    "f1": 0.1215323645970938,
    "specificity": 0.9146632409616443,
    "accuracy": 0.8832309043020193,
    "cm": {
      "tp": 46,
      "tn": 4984,
      "fp": 465,
      "fn": 200
    },
    "calibration_bins": {
      "bin": [
        "(-0.001, 0.0188]",
        "(0.0188, 0.0251]",
        "(0.0251, 0.0301]",
        "(0.0301, 0.0371]",
        "(0.0371, 0.0435]",
        "(0.0435, 0.0476]",
        "(0.0476, 0.0527]",
        "(0.0527, 0.0589]",
        "(0.0589, 0.0672]",
        "(0.0672, 0.126]"
      ],
      "count": [
        581,
        592,
        536,
        571,
        568,
        573,
        570,
        570,
        564,
        570
      ],
      "mean_proba": [
        0.017852293830884745,
        0.02209909821671176,
        0.02769446642081856,
        0.0335163193148526,
        0.04049055778741856,
        0.045938475305004556,
        0.049698674956113915,
        0.05532157940162817,
        0.0630517110224873,
        0.08023632222134357
      ],
      "empirical_rate": [
        0.029259896729776247,
        0.010135135135135136,
        0.029850746268656716,
        0.04203152364273205,
        0.04401408450704225,
        0.034904013961605584,
        0.05263157894736842,
        0.05263157894736842,
        0.05319148936170213,
        0.08421052631578947
      ]
    }
  }
}