{
  "readmission": {
    "n": 5695,
    "positives": 246,
    "prevalence": 0.04319578577699736,
    "roc_auc": 0.5938816251807224,
    "pr_auc": 0.05984435829008547,
    "brier": 0.04117483397060817,
    "ece": 0.005484052074104967,
    "threshold": 0.05856469411479357,
    "precision": 0.07600950118764846,
    "recall": 0.2601626016260163,
    "f1": 0.11764705882352941,
    "specificity": 0.857221508533676,
    "accuracy": 0.8314310798946444,
    "cm": {
      "tp": 64,
      "tn": 4671,
      "fp": 778,
      "fn": 182
    },
    "calibration_bins": {
      "bin": [
        "(-0.001, 0.0225]",
        "(0.0225, 0.0264]",
        "(0.0264, 0.0338]",
        "(0.0338, 0.0405]",
        "(0.0405, 0.0448]",
        "(0.0448, 0.048]",
        "(0.048, 0.0513]",
        "(0.0513, 0.0555]",
        "(0.0555, 0.0632]",
        "(0.0632, 0.129]"
      ],
      "count": [
        701,
        439,
        578,
        560,
        583,
        558,
        570,
        567,
        617,
        522
      ],
      "mean_proba": [
        0.02130486168773705,
        0.02476727871117155,
        0.030098084136289577,
        0.037646358410410974,
        0.043056077528526054,
        0.04646479608472199,
        0.04965006587914795,
        0.052864532957138104,
        0.059243459954484386,
        0.07212190741385636
      ],
      "empirical_rate": [
        0.021398002853067047,
        0.022779043280182234,
        0.04498269896193772,
        0.0375,
        0.03773584905660377,
        0.034050179211469536,
        0.05263157894736842,
        0.047619047619047616,
        0.055105348460291734,
        0.08045977011494253
      ]
    }
  }
}