{
  "readmission": {
    "n": 5695,
    "positives": 246,
    "prevalence": 0.04319578577699736,
    "roc_auc": 0.6072371748676195,
    "pr_auc": 0.05823235965323002,
    "brier": 0.041135931403878355,
    "ece": 0.00688789422839703,
    "threshold": 0.048553163697439505,
    "precision": 0.06171171171171171,
    "recall": 0.556910569105691,
    "f1": 0.1111111111111111,
    "specificity": 0.6177280234905487,
    "accuracy": 0.6151009657594381,
    "cm": {
      "tp": 137,
      "tn": 3366,
      "fp": 2083,
      "fn": 109
    },
    "calibration_bins": {
      "bin": [
        "(0.0019299999999999999, 0.0203]",
        "(0.0203, 0.0238]",
        "(0.0238, 0.0305]",
        "(0.0305, 0.0379]",
        "(0.0379, 0.0432]",
        "(0.0432, 0.0482]",
        "(0.0482, 0.0528]",
        "(0.0528, 0.0584]",
        "(0.0584, 0.0661]",
        "(0.0661, 0.152]"
      ],
      "count": [
        590,
        550,
        569,
        574,
        565,
        569,
        569,
        570,
        569,
        570
      ],
      "mean_proba": [
        0.01917513935645399,
        0.022333933517832742,
        0.026983550240275038,
        0.034678803790163644,
        0.04052312404840535,
        0.04541827110904699,
        0.05040717997601511,
        0.055749654720146626,
        0.06128092023578478,
        0.07780166129185861
      ],
      "empirical_rate": [
        0.02711864406779661,
        0.012727272727272728,
        0.033391915641476276,
        0.029616724738675958,
        0.04601769911504425,
        0.03866432337434095,
        0.05799648506151142,
        0.06140350877192982,
        0.054481546572934976,
        0.07017543859649122
      ]
    }
  }
}