{
  "model_type": "logreg",
  "pos_weight": 0.8642929824065526,
  "C": 0.7176280287544906,
  "min_recall": null,
  "feature_select_C": 0.11457978905095334,
  "phenotype_clusters": 6,
  "stack_readmission": 0,
  "roc_auc": 0.6072371748676195,
  "pr_auc": 0.05823235965323002,
  "f1": 0.1111111111111111,
  "precision": 0.06171171171171171,
  "recall": 0.556910569105691,
  "brier": 0.041135931403878355,
  "ece": 0.00688789422839703,
  "threshold": 0.048553163697439505,
  "run_dir": "project/tuning/logistic_joint\\trial_22\\logreg_pw0.8642929824065526_C0.7176280287544906_fs0.11457978905095334_ph6"
}