{
  "readmission": {
    "n": 5695,
    "positives": 246,
    "prevalence": 0.04319578577699736,
    "roc_auc": 0.6222171741812849,
    "pr_auc": 0.06426840315602333,
    "brier": 0.04105303730917079,
    "ece": 0.007592329624392844,
    "threshold": 0.05197097037156793,
    "precision": 0.06555615260612574,
    "recall": 0.4959349593495935,
    "f1": 0.11580446131941148,
    "specificity": 0.6808588731877409,
    "accuracy": 0.6728709394205443,
    "cm": {
      "tp": 122,
      "tn": 3710,
      "fp": 1739,
      "fn": 124
    },
    "calibration_bins": {
      "bin": [
        "(0.0032199999999999998, 0.0145]",
        "(0.0145, 0.0292]",
        "(0.0292, 0.0354]",
        "(0.0354, 0.0403]",
        "(0.0403, 0.0447]",
        "(0.0447, 0.0487]",
        "(0.0487, 0.0533]",
        "(0.0533, 0.0581]",
        "(0.0581, 0.0649]",
        "(0.0649, 0.256]"
      ],
      "count": [
        570,
        572,
        567,
        570,
        569,
        572,
        566,
        574,
        565,
        570
      ],
      "mean_proba": [
        0.007678165426456025,
        0.02377494900562767,
        0.03244801883120081,
        0.0379992140292441,
        0.04257347718079283,
        0.04677775960692955,
        0.050917506395020296,
        0.05574480182106714,
        0.06142539750437949,
        0.0743989723789846
      ],
      "empirical_rate": [
        0.015789473684210527,
        0.017482517482517484,
        0.021164021164021163,
        0.04736842105263158,
        0.040421792618629174,
        0.04020979020979021,
        0.06007067137809187,
        0.06620209059233449,
        0.05486725663716814,
        0.06842105263157895
      ]
    }
  }
}