{
  "readmission": {
    "n": 5695,
    "positives": 246,
    "prevalence": 0.04319578577699736,
    "roc_auc": 0.6206449456676618,
    "pr_auc": 0.06093104087448401,
    "brier": 0.04106664864040543,
    "ece": 0.006300427937208868,
    "threshold": 0.05446909505634253,
    "precision": 0.0696241528034504,
    "recall": 0.45934959349593496,
    "f1": 0.12092027822364901,
    "specificity": 0.7228849330152322,
    "accuracy": 0.7115013169446883,
    "cm": {
      "tp": 113,
      "tn": 3939,
      "fp": 1510,
      "fn": 133
    },
    "calibration_bins": {
      "bin": [
        "(0.00286, 0.017]",
        "(0.017, 0.0288]",
        "(0.0288, 0.0352]",
        "(0.0352, 0.0408]",
        "(0.0408, 0.0456]",
        "(0.0456, 0.0496]",
        "(0.0496, 0.0537]",
        "(0.0537, 0.0576]",
        "(0.0576, 0.0636]",
        "(0.0636, 0.191]"
      ],
      "count": [
        570,
        569,
        571,
        568,
        570,
        569,
        570,
        569,
        570,
        569
      ],
      "mean_proba": [
        0.009710980792083797,
        0.023469603558279446,
        0.03238134453043126,
        0.0382046892329063,
        0.043127517371993905,
        0.04751422470920922,
        0.05165826686570755,
        0.05558294857653203,
        0.0601946010792646,
        0.07272969154656697
      ],
      "empirical_rate": [
        0.014035087719298246,
        0.015817223198594025,
        0.028021015761821366,
        0.04401408450704225,
        0.0456140350877193,
        0.0492091388400703,
        0.03684210526315789,
        0.05975395430579965,
        0.07192982456140351,
        0.06678383128295255
      ]
    }
  }
}