{
  "readmission": {
    "n": 5695,
    "positives": 246,
    "prevalence": 0.04319578577699736,
    "roc_auc": 0.5955698591671179,
    "pr_auc": 0.058072169647212755,
    "brier": 0.21125581437495497,
    "ece": 0.33807548143122906,
    "threshold": 0.6008172742636797,
    "precision": 0.07100591715976332,
    "recall": 0.34146341463414637,
    "f1": 0.11756473058082575,
    "specificity": 0.798311616810424,
    "accuracy": 0.7785776997366111,
    "cm": {
      "tp": 84,
      "tn": 4350,
      "fp": 1099,
      "fn": 162
    },
    "calibration_bins": {
      "bin": [
        "(-0.001, 0.0231]",
        "(0.0231, 0.0939]",
        "(0.0939, 0.193]",
        "(0.193, 0.305]",
        "(0.305, 0.389]",
        "(0.389, 0.467]",
        "(0.467, 0.537]",
        "(0.537, 0.606]",
        "(0.606, 0.702]",
        "(0.702, 1.0]"
      ],
      "count": [
        570,
        569,
        570,
        569,
        570,
        569,
        569,
        570,
        569,
        570
      ],
      "mean_proba": [
        0.00540296235028171,
        0.056534119316804264,
        0.13904463683278911,
        0.2504231822277203,
        0.34937492758128735,
        0.4308676621894082,
        0.502539449349999,
        0.5706002365045935,
        0.6487594465522204,
        0.8173101625156098
      ],
      "empirical_rate": [
        0.02631578947368421,
        0.026362038664323375,
        0.03684210526315789,
        0.03866432337434095,
        0.031578947368421054,
        0.029876977152899824,
        0.050966608084358524,
        0.054385964912280704,
        0.0632688927943761,
        0.07368421052631578
      ]
    }
  }
}