{
  "model_type": "logreg",
  "pos_weight": 1.3060959670257444,
  "C": 0.4756589878174337,
  "min_recall": null,
  "feature_select_C": 0.974140020034156,
  "phenotype_clusters": 4,
  "stack_readmission": 1,
  "roc_auc": 0.6080268326999658,
  "pr_auc": 0.06204095325483373,
  "f1": 0.11884368308351177,
  "precision": 0.06843403205918619,
  "recall": 0.45121951219512196,
  "brier": 0.04110024393723885,
  "ece": 0.007645431355171893,
  "threshold": 0.0543785919026721,
  "run_dir": "project/tuning/logistic_joint\\trial_1\\logreg_pw1.3060959670257444_C0.4756589878174337_fs0.974140020034156_ph4_stack"
}