{
  "model_type": "hgb",
  "pos_weight": 1.4771278077625145,
  "C": 0.6906205449603853,
  "min_recall": null,
  "feature_select_C": 0.203374113400054,
  "phenotype_clusters": 6,
  "stack_readmission": 0,
  "roc_auc": 0.6222171741812849,
  "pr_auc": 0.06426840315602333,
  "f1": 0.11580446131941148,
  "precision": 0.06555615260612574,
  "recall": 0.4959349593495935,
  "brier": 0.04105303730917079,
  "ece": 0.007592329624392844,
  "threshold": 0.05197097037156793,
  "run_dir": "project/tuning/hgb_joint\\trial_2\\hgb_pw1.4771278077625145_C0.6906205449603853_fs0.203374113400054_ph6"
}