{
  "readmission": {
    "n": 5695,
    "positives": 246,
    "prevalence": 0.04319578577699736,
    "roc_auc": 0.6112063524746094,
    "pr_auc": 0.06493611652013542,
    "brier": 0.04106748583399773,
    "ece": 0.005792584211259344,
    "threshold": 0.07281776488461125,
    "precision": 0.09850746268656717,
    "recall": 0.13414634146341464,
    "f1": 0.11359724612736662,
    "specificity": 0.9445769866030465,
    "accuracy": 0.9095697980684812,
    "cm": {
      "tp": 33,
      "tn": 5147,
      "fp": 302,
      "fn": 213
    },
    "calibration_bins": {
      "bin": [
        "(0.00103, 0.0179]",
        "(0.0179, 0.0308]",
        "(0.0308, 0.0363]",
        "(0.0363, 0.04]",
        "(0.04, 0.0434]",
        "(0.0434, 0.0468]",
        "(0.0468, 0.051]",
        "(0.051, 0.0565]",
        "(0.0565, 0.0661]",
        "(0.0661, 0.308]"
      ],
      "count": [
        572,
        567,
        570,
        569,
        570,
        569,
        569,
        584,
        555,
        570
      ],
      "mean_proba": [
        0.008654969661275406,
        0.026105105694797192,
        0.03362208477727044,
        0.03827235160248986,
        0.0418448633639198,
        0.04517198213974601,
        0.04887922215054602,
        0.05365721012287123,
        0.06082374678053517,
        0.07626451520845463
      ],
      "empirical_rate": [
        0.012237762237762238,
        0.021164021164021163,
        0.042105263157894736,
        0.028119507908611598,
        0.043859649122807015,
        0.054481546572934976,
        0.0492091388400703,
        0.05821917808219178,
        0.04864864864864865,
        0.07368421052631578
      ]
    }
  }
}