{
  "readmission": {
    "n": 5695,
    "positives": 246,
    "prevalence": 0.04319578577699736,
    "roc_auc": 0.6233772289090114,
    "pr_auc": 0.06472565836393061,
    "brier": 0.04100164978927275,
    "ece": 0.005972715336458767,
    "threshold": 0.04921739166130186,
    "precision": 0.06342117016525234,
    "recall": 0.5772357723577236,
    "f1": 0.11428571428571428,
    "specificity": 0.6151587447238025,
    "accuracy": 0.6135206321334504,
    "cm": {
      "tp": 142,
      "tn": 3352,
      "fp": 2097,
      "fn": 104
    },
    "calibration_bins": {
      "bin": [
        "(0.00433, 0.0164]",
        "(0.0164, 0.0297]",
        "(0.0297, 0.0366]",
        "(0.0366, 0.0415]",
        "(0.0415, 0.0451]",
        "(0.0451, 0.049]",
        "(0.049, 0.0526]",
        "(0.0526, 0.0574]",
        "(0.0574, 0.0629]",
        "(0.0629, 0.269]"
      ],
      "count": [
        571,
        570,
        568,
        569,
        571,
        570,
        580,
        559,
        575,
        562
      ],
      "mean_proba": [
        0.010131011876899396,
        0.02450784087336265,
        0.03349828008164388,
        0.03893274179115636,
        0.04322283968334663,
        0.04719147674710158,
        0.05097088648555703,
        0.05484718314102059,
        0.059899889606487317,
        0.07079795037980385
      ],
      "empirical_rate": [
        0.012259194395796848,
        0.021052631578947368,
        0.028169014084507043,
        0.03690685413005272,
        0.043782837127845885,
        0.03859649122807018,
        0.06551724137931035,
        0.059033989266547404,
        0.04869565217391304,
        0.07829181494661921
      ]
    }
  }
}