{
  "mortality": {
    "n": 5695,
    "positives": 622,
    "prevalence": 0.10921861281826163,
    "roc_auc": 0.8260170006648907,
    "pr_auc": 0.38438358294712693,
    "brier": 0.08057889225707435,
    "ece": 0.006782419778244072,
    "threshold": 0.22849839012180953,
    "precision": 0.3634336677814939,
    "recall": 0.5241157556270096,
    "f1": 0.4292297564186965,
    "specificity": 0.8874433274196728,
    "accuracy": 0.8477611940298507,
    "cm": {
      "tp": 326,
      "tn": 4502,
      "fp": 571,
      "fn": 296
    },
    "calibration_bins": {
      "bin": [
        "(0.00476, 0.00998]",
        "(0.00998, 0.0126]",
        "(0.0126, 0.0225]",
        "(0.0225, 0.0373]",
        "(0.0373, 0.0586]",
        "(0.0586, 0.0891]",
        "(0.0891, 0.131]",
        "(0.131, 0.187]",
        "(0.187, 0.297]",
        "(0.297, 0.72]"
      ],
      "count": [
        596,
        557,
        556,
        570,
        572,
        566,
        569,
        570,
        569,
        570
      ],
      "mean_proba": [
        0.008839087292667861,
        0.010722977566107563,
        0.016298837691210294,
        0.029257552239295385,
        0.04702898463005374,
        0.07175772529981383,
        0.10890487674866789,
        0.15696739116120467,
        0.23834313020970332,
        0.4209828068061293
      ],
      "empirical_rate": [
        0.008389261744966443,
        0.003590664272890485,
        0.008992805755395683,
        0.02631578947368421,
        0.06293706293706294,
        0.07243816254416961,
        0.11247803163444639,
        0.14035087719298245,
        0.23022847100175747,
        0.4263157894736842
      ]
    }
  },
  "prolonged_los": {
    "n": 5695,
    "positives": 2976,
    "prevalence": 0.5225636523266023,
    "roc_auc": 0.7951995886177319,
    "pr_auc": 0.7896459134913858,
    "brier": 0.18377743719083622,
    "ece": 0.01508101757515366,
    "threshold": 0.3667808066841511,
    "precision": 0.6702321941038352,
    "recall": 0.863239247311828,
    "f1": 0.75458951387869,
    "specificity": 0.5351232070614197,
    "accuracy": 0.7065847234416155,
    "cm": {
      "tp": 2569,
      "tn": 1455,
      "fp": 1264,
      "fn": 407
    },
    "calibration_bins": {
      "bin": [
        "(0.0277, 0.18]",
        "(0.18, 0.284]",
        "(0.284, 0.347]",
        "(0.347, 0.438]",
        "(0.438, 0.527]",
        "(0.527, 0.615]",
        "(0.615, 0.711]",
        "(0.711, 0.819]",
        "(0.819, 0.856]",
        "(0.856, 0.922]"
      ],
      "count": [
        570,
        570,
        584,
        554,
        578,
        561,
        571,
        574,
        570,
        563
      ],
      "mean_proba": [
        0.11688271144228782,
        0.2288100081958119,
        0.31691674198753694,
        0.393137830260799,
        0.4822146591160266,
        0.5729920432487348,
        0.6612972689585948,
        0.772376762224132,
        0.8399721320097767,
        0.8635739378349736
      ],
      "empirical_rate": [
        0.10175438596491228,
        0.24736842105263157,
        0.2893835616438356,
        0.36101083032490977,
        0.48788927335640137,
        0.5632798573975044,
        0.6690017513134852,
        0.8013937282229965,
        0.843859649122807,
        0.8650088809946714
      ]
    }
  },
  "readmission": {
    "n": 5695,
    "positives": 246,
    "prevalence": 0.04319578577699736,
    "roc_auc": 0.590764024725951,
    "pr_auc": 0.05734875552458063,
    "brier": 0.04122352127296507,
    "ece": 0.006519636617833986,
    "threshold": 0.05434221982698793,
    "precision": 0.06623058053965658,
    "recall": 0.32926829268292684,
    "f1": 0.1102791014295439,
    "specificity": 0.7904202605982749,
    "accuracy": 0.7705004389815627,
    "cm": {
      "tp": 81,
      "tn": 4307,
      "fp": 1142,
      "fn": 165
    },
    "calibration_bins": {
      "bin": [
        "(-0.001, 0.0203]",
        "(0.0203, 0.0268]",
        "(0.0268, 0.0332]",
        "(0.0332, 0.041]",
        "(0.041, 0.0453]",
        "(0.0453, 0.0491]",
        "(0.0491, 0.0515]",
        "(0.0515, 0.055]",
        "(0.055, 0.0623]",
        "(0.0623, 0.152]"
      ],
      "count": [
        589,
        555,
        566,
        579,
        561,
        567,
        609,
        531,
        569,
        569
      ],
      "mean_proba": [
        0.017344892796623327,
        0.023602427681660914,
        0.02996905870508248,
        0.037243131584786496,
        0.042941478544379616,
        0.04753207520364051,
        0.05059089757931934,
        0.05328590173361789,
        0.058444884146896296,
        0.07340058395270177
      ],
      "empirical_rate": [
        0.025466893039049237,
        0.03063063063063063,
        0.022968197879858657,
        0.04835924006908463,
        0.0374331550802139,
        0.03527336860670194,
        0.04926108374384237,
        0.05649717514124294,
        0.050966608084358524,
        0.07557117750439367
      ]
    }
  }
}