{
  "best_value": 0.598795709135589,
  "best_params": {
    "n_estimators": 300,
    "learning_rate": 0.016320418554551897,
    "max_depth": 3,
    "subsample": 0.6561980207328271,
    "colsample_bytree": 0.5638732877195165,
    "reg_lambda": 0.3672207688816188,
    "reg_alpha": 0.6386695856831124,
    "spw_mult": 3.206252869436037
  },
  "best_trial": 3
}