number,value,state,param_n_estimators,param_learning_rate,param_max_depth,param_subsample,param_colsample_bytree,param_reg_lambda,param_reg_alpha,param_spw_mult,fold_aucs
0,0.5962857463013563,1,850,0.06656469610092057,4,0.8317726938203536,0.598708798973759,2.735681253766627,0.19418631193068536,1.6389228954433248,"[0.6086079790876823, 0.591039226746893, 0.5892100330694937]"
1,0.588390420580768,1,1000,0.022837161167605136,4,0.689630518158197,0.7111121652948637,1.1155657762877833,0.2220209038383273,3.6404977525961772,"[0.603063588903461, 0.5863604753888949, 0.5757471974499481]"
2,0.5955041977175518,1,550,0.06339194468170786,7,0.9720495945326618,0.8648194893349842,0.7107763124812342,0.7767555822622867,2.658777609221054,"[0.6119128295338744, 0.5811209901746595, 0.5934787734441219]"
3,0.598795709135589,1,300,0.016320418554551897,3,0.6561980207328271,0.5638732877195165,0.3672207688816188,0.6386695856831124,3.206252869436037,"[0.6223607822424343, 0.5914294646801094, 0.5825968804842233]"
4,0.5975265533935109,1,400,0.07137544247680912,7,0.8593040582018723,0.5277102725004351,0.458120826878745,0.11325869399641386,0.5751281083135451,"[0.6032471088153716, 0.6004262024999104, 0.5889063488652507]"
