{
  "model_type": "hgb",
  "pos_weight": 3.229653227051369,
  "C": 0.5161792789925338,
  "min_recall": null,
  "feature_select_C": 0.05793131327200564,
  "phenotype_clusters": 4,
  "stack_readmission": 1,
  "roc_auc": 0.6233772289090114,
  "pr_auc": 0.06472565836393061,
  "f1": 0.11428571428571428,
  "precision": 0.06342117016525234,
  "recall": 0.5772357723577236,
  "brier": 0.04100164978927275,
  "ece": 0.005972715336458767,
  "threshold": 0.04921739166130186,
  "run_dir": "project/tuning/hgb_joint\\trial_7\\hgb_pw3.229653227051369_C0.5161792789925338_fs0.05793131327200564_ph4_stack"
}