{
  "readmission": {
    "n": 28473,
    "positives": 1232,
    "prevalence": 0.04326906191830857,
    "roc_auc": 0.9461295926642279,
    "pr_auc": 0.5235898795067319,
    "brier": 0.2567840749987263,
    "ece": 0.4451610904989119,
    "threshold": 0.7583972811698914,
    "precision": 0.47868623340321453,
    "recall": 0.5560064935064936,
    "f1": 0.514457378895982,
    "specificity": 0.9726148085606255,
    "accuracy": 0.9545885575808661,
    "cm": {
      "tp": 685,
      "tn": 26495,
      "fp": 746,
      "fn": 547
    },
    "calibration_bins": {
      "bin": [
        "(0.0312, 0.162]",
        "(0.162, 0.291]",
        "(0.291, 0.383]",
        "(0.383, 0.456]",
        "(0.456, 0.52]",
        "(0.52, 0.581]",
        "(0.581, 0.634]",
        "(0.634, 0.682]",
        "(0.682, 0.726]",
        "(0.726, 0.895]"
      ],
      "count": [
        2848,
        2847,
        2847,
        2847,
        2848,
        2847,
        2847,
        2847,
        2847,
        2848
      ],
      "mean_proba": [
        0.11863521784099258,
        0.2288774807420914,
        0.33852853711588493,
        0.4210990602860419,
        0.48941272141390973,
        0.5513791039109774,
        0.6076705814412824,
        0.6583405374475726,
        0.704884426087968,
        0.7655060800273766
      ],
      "empirical_rate": [
        0.0,
        0.0,
        0.0,
        0.0,
        0.0017556179775280898,
        0.001053740779768177,
        0.006322444678609062,
        0.03301721109940288,
        0.06638566912539515,
        0.3240870786516854
      ]
    }
  }
}