{
  "best_value": 0.6244934976506278,
  "best_params": {
    "n_estimators": 450,
    "learning_rate": 0.012003327285656543,
    "max_depth": 6,
    "subsample": 0.8683954355174758,
    "colsample_bytree": 0.9911736451957005,
    "reg_lambda": 1.1229953704603877,
    "reg_alpha": 0.1479756134499477,
    "spw_mult": 2.0232414210458227
  },
  "best_trial": 6
}