{
  "readmission": {
    "n": 5695,
    "positives": 246,
    "prevalence": 0.04319578577699736,
    "roc_auc": 0.6024649111420459,
    "pr_auc": 0.058211996468761046,
    "brier": 0.041174780766953585,
    "ece": 0.004855141773883987,
    "threshold": 0.061082295717906895,
    "precision": 0.07060063224446786,
    "recall": 0.27235772357723576,
    "f1": 0.11213389121338913,
    "specificity": 0.8381354376949899,
    "accuracy": 0.8136962247585602,
    "cm": {
      "tp": 67,
      "tn": 4567,
      "fp": 882,
      "fn": 179
    },
    "calibration_bins": {
      "bin": [
        "(0.00285, 0.0203]",
        "(0.0203, 0.0243]",
        "(0.0243, 0.0326]",
        "(0.0326, 0.0381]",
        "(0.0381, 0.0425]",
        "(0.0425, 0.0478]",
        "(0.0478, 0.0528]",
        "(0.0528, 0.058]",
        "(0.058, 0.0669]",
        "(0.0669, 0.159]"
      ],
      "count": [
        628,
        511,
        570,
        574,
        571,
        563,
        569,
        570,
        573,
        566
      ],
      "mean_proba": [
        0.018862779623934005,
        0.02178066889269751,
        0.028366503837985037,
        0.03554557903864699,
        0.04029096964926835,
        0.04522007040008682,
        0.050329172581799954,
        0.055141675734659654,
        0.0622319931110585,
        0.07649588094982579
      ],
      "empirical_rate": [
        0.020700636942675158,
        0.03131115459882583,
        0.031578947368421054,
        0.03484320557491289,
        0.0297723292469352,
        0.05150976909413854,
        0.04569420035149385,
        0.056140350877192984,
        0.06457242582897033,
        0.06713780918727916
      ]
    }
  }
}