{
  "readmission": {
    "n": 5695,
    "positives": 246,
    "prevalence": 0.04319578577699736,
    "roc_auc": 0.6218915382400292,
    "pr_auc": 0.0659011992675554,
    "brier": 0.0410103806933351,
    "ece": 0.00572835299910716,
    "threshold": 0.053681985956114245,
    "precision": 0.06645962732919254,
    "recall": 0.4349593495934959,
    "f1": 0.11530172413793104,
    "specificity": 0.7241695723986052,
    "accuracy": 0.7116769095697981,
    "cm": {
      "tp": 107,
      "tn": 3946,
      "fp": 1503,
      "fn": 139
    },
    "calibration_bins": {
      "bin": [
        "(0.00418, 0.0147]",
        "(0.0147, 0.0298]",
        "(0.0298, 0.0371]",
        "(0.0371, 0.0421]",
        "(0.0421, 0.0461]",
        "(0.0461, 0.0491]",
        "(0.0491, 0.0529]",
        "(0.0529, 0.0576]",
        "(0.0576, 0.0646]",
        "(0.0646, 0.128]"
      ],
      "count": [
        570,
        569,
        570,
        569,
        583,
        560,
        572,
        580,
        552,
        570
      ],
      "mean_proba": [
        0.008285549130758327,
        0.02283003472604668,
        0.03372718865467229,
        0.03985689313170529,
        0.04428404332847269,
        0.04761044964568962,
        0.051118523126771745,
        0.05514499147060345,
        0.060565637095236186,
        0.07093892315154127
      ],
      "empirical_rate": [
        0.012280701754385965,
        0.014059753954305799,
        0.03684210526315789,
        0.0421792618629174,
        0.04288164665523156,
        0.03571428571428571,
        0.05419580419580419,
        0.05517241379310345,
        0.07608695652173914,
        0.06315789473684211
      ]
    }
  }
}