{
  "readmission": {
    "n": 5695,
    "positives": 246,
    "prevalence": 0.04319578577699736,
    "roc_auc": 0.5962416464869364,
    "pr_auc": 0.06064597476521834,
    "brier": 0.0411446894434947,
    "ece": 0.00592062164661181,
    "threshold": 0.061824860931231664,
    "precision": 0.08176943699731903,
    "recall": 0.24796747967479674,
    "f1": 0.12298387096774194,
    "specificity": 0.874288860341347,
    "accuracy": 0.8472344161545216,
    "cm": {
      "tp": 61,
      "tn": 4764,
      "fp": 685,
      "fn": 185
    },
    "calibration_bins": {
      "bin": [
        "(-0.001, 0.0192]",
        "(0.0192, 0.0272]",
        "(0.0272, 0.0339]",
        "(0.0339, 0.0405]",
        "(0.0405, 0.0445]",
        "(0.0445, 0.0477]",
        "(0.0477, 0.0519]",
        "(0.0519, 0.057]",
        "(0.057, 0.0632]",
        "(0.0632, 0.106]"
      ],
      "count": [
        590,
        551,
        568,
        569,
        570,
        574,
        564,
        571,
        602,
        536
      ],
      "mean_proba": [
        0.017445037951514916,
        0.023250798121413254,
        0.030642560076865673,
        0.037338764020943715,
        0.0423981962374849,
        0.04615476404303752,
        0.04992602071153163,
        0.05382864759862745,
        0.06004660216841787,
        0.0743511951978574
      ],
      "empirical_rate": [
        0.023728813559322035,
        0.021778584392014518,
        0.04225352112676056,
        0.040421792618629174,
        0.031578947368421054,
        0.03832752613240418,
        0.04964539007092199,
        0.04903677758318739,
        0.054817275747508304,
        0.08208955223880597
      ]
    }
  }
}