{
  "readmission": {
    "n": 5695,
    "positives": 246,
    "prevalence": 0.04319578577699736,
    "roc_auc": 0.6173352461181062,
    "pr_auc": 0.06371085518545402,
    "brier": 0.04104244441794246,
    "ece": 0.0071516715990881125,
    "threshold": 0.060303823594994456,
    "precision": 0.07578558225508318,
    "recall": 0.3333333333333333,
    "f1": 0.12349397590361445,
    "specificity": 0.8164800880895577,
    "accuracy": 0.7956101843722564,
    "cm": {
      "tp": 82,
      "tn": 4449,
      "fp": 1000,
      "fn": 164
    },
    "calibration_bins": {
      "bin": [
        "(0.00228, 0.0192]",
        "(0.0192, 0.0239]",
        "(0.0239, 0.03]",
        "(0.03, 0.037]",
        "(0.037, 0.0444]",
        "(0.0444, 0.0483]",
        "(0.0483, 0.0529]",
        "(0.0529, 0.0589]",
        "(0.0589, 0.0687]",
        "(0.0687, 0.104]"
      ],
      "count": [
        576,
        565,
        577,
        560,
        596,
        543,
        569,
        572,
        567,
        570
      ],
      "mean_proba": [
        0.018048738649200494,
        0.02147007939989637,
        0.026724662784438885,
        0.033728073245647194,
        0.04110085750244978,
        0.04643366620974095,
        0.050895486289338876,
        0.05608005318842642,
        0.06334559495073945,
        0.0781327011645355
      ],
      "empirical_rate": [
        0.027777777777777776,
        0.007079646017699115,
        0.038128249566724434,
        0.039285714285714285,
        0.04194630872483222,
        0.03867403314917127,
        0.043936731107205626,
        0.0472027972027972,
        0.06349206349206349,
        0.08421052631578947
      ]
    }
  }
}