{
  "readmission": {
    "n": 5694,
    "positives": 261,
    "prevalence": 0.0458377239199157,
    "roc_auc": 0.6241250961733072,
    "pr_auc": 0.07209692330067083,
    "brier": 0.04341172941976797,
    "ece": 0.007956046779959777,
    "threshold": 0.05857587307691574,
    "precision": 0.09148665819567979,
    "recall": 0.27586206896551724,
    "f1": 0.13740458015267176,
    "specificity": 0.868396834161605,
    "accuracy": 0.8412363891815947,
    "cm": {
      "tp": 72,
      "tn": 4718,
      "fp": 715,
      "fn": 189
    },
    "calibration_bins": {
      "bin": [
        "(-0.001, 0.0168]",
        "(0.0168, 0.0273]",
        "(0.0273, 0.036]",
        "(0.036, 0.0419]",
        "(0.0419, 0.0458]",
        "(0.0458, 0.049]",
        "(0.049, 0.053]",
        "(0.053, 0.0561]",
        "(0.0561, 0.0642]",
        "(0.0642, 0.28]"
      ],
      "count": [
        575,
        564,
        570,
        569,
        583,
        567,
        558,
        643,
        495,
        570
      ],
      "mean_proba": [
        0.009246028838972407,
        0.02250944294501096,
        0.03207454291335716,
        0.039453529174028786,
        0.04431996885910758,
        0.04713183586966949,
        0.05136618012475604,
        0.05522009984968146,
        0.05935726177060243,
        0.07696047158356299
      ],
      "empirical_rate": [
        0.017391304347826087,
        0.026595744680851064,
        0.02982456140350877,
        0.040421792618629174,
        0.04631217838765009,
        0.037037037037037035,
        0.05734767025089606,
        0.04043545878693624,
        0.09090909090909091,
        0.07894736842105263
      ]
    }
  },
  "meta": {
    "evaluation_split": "val",
    "train_size": 17083,
    "eval_size": 5694
  }
}