{
  "readmission": {
    "n": 5695,
    "positives": 246,
    "prevalence": 0.04319578577699736,
    "roc_auc": 0.6183539308323895,
    "pr_auc": 0.06070498913902119,
    "brier": 0.04107177214302476,
    "ece": 0.00871624081597284,
    "threshold": 0.052937252307647495,
    "precision": 0.06306306306306306,
    "recall": 0.45528455284552843,
    "f1": 0.11078140454995054,
    "specificity": 0.694622866581024,
    "accuracy": 0.6842844600526777,
    "cm": {
      "tp": 112,
      "tn": 3785,
      "fp": 1664,
      "fn": 134
    },
    "calibration_bins": {
      "bin": [
        "(0.00074, 0.0173]",
        "(0.0173, 0.0296]",
        "(0.0296, 0.0346]",
        "(0.0346, 0.039]",
        "(0.039, 0.0435]",
        "(0.0435, 0.0483]",
        "(0.0483, 0.0536]",
        "(0.0536, 0.0591]",
        "(0.0591, 0.0673]",
        "(0.0673, 0.176]"
      ],
      "count": [
        570,
        584,
        557,
        570,
        567,
        569,
        569,
        571,
        568,
        570
      ],
      "mean_proba": [
        0.00742170592382939,
        0.025439535132211453,
        0.032058086147628534,
        0.03684167193436662,
        0.0414549877459575,
        0.04596106694183849,
        0.050797220104875994,
        0.05608795535948739,
        0.06273052599033693,
        0.07597378766572631
      ],
      "empirical_rate": [
        0.014035087719298246,
        0.0136986301369863,
        0.02872531418312388,
        0.03333333333333333,
        0.054673721340388004,
        0.054481546572934976,
        0.04745166959578207,
        0.07005253940455342,
        0.05457746478873239,
        0.06140350877192982
      ]
    }
  }
}