{
  "readmission": {
    "n": 5695,
    "positives": 246,
    "prevalence": 0.04319578577699736,
    "roc_auc": 0.6153098129439727,
    "pr_auc": 0.06290069235467297,
    "brier": 0.04109198374354768,
    "ece": 0.005691066309355925,
    "threshold": 0.06568812598695223,
    "precision": 0.08846153846153847,
    "recall": 0.18699186991869918,
    "f1": 0.12010443864229765,
    "specificity": 0.9130115617544503,
    "accuracy": 0.8816505706760316,
    "cm": {
      "tp": 46,
      "tn": 4975,
      "fp": 474,
      "fn": 200
    },
    "calibration_bins": {
      "bin": [
        "(-0.001, 0.0198]",
        "(0.0198, 0.0237]",
        "(0.0237, 0.0309]",
        "(0.0309, 0.0382]",
        "(0.0382, 0.0437]",
        "(0.0437, 0.0478]",
        "(0.0478, 0.0527]",
        "(0.0527, 0.0578]",
        "(0.0578, 0.0634]",
        "(0.0634, 0.145]"
      ],
      "count": [
        713,
        432,
        566,
        577,
        565,
        564,
        573,
        571,
        580,
        554
      ],
      "mean_proba": [
        0.019342502738542166,
        0.022290344855378782,
        0.027149519713807257,
        0.034862740157767226,
        0.04118458957950094,
        0.04611795661627706,
        0.05035557517106812,
        0.05490741101434836,
        0.060902319543563,
        0.08075765645627708
      ],
      "empirical_rate": [
        0.025245441795231416,
        0.011574074074074073,
        0.03356890459363958,
        0.03119584055459272,
        0.049557522123893805,
        0.03546099290780142,
        0.0506108202443281,
        0.0542907180385289,
        0.05344827586206897,
        0.08483754512635379
      ]
    }
  }
}