{
  "trial": 6,
  "params": {
    "n_estimators": 450,
    "learning_rate": 0.048508334687689496,
    "max_depth": 3,
    "subsample": 0.8599505833789702,
    "colsample_bytree": 0.7003593366030713,
    "reg_lambda": 1.7339299590697772,
    "reg_alpha": 0.11196890696985196
  },
  "roc_auc": NaN,
  "duration_sec": 1.8430430889129639
}