{
  "value": 0.5938816251807224,
  "params": {
    "model_type": "logreg",
    "C": 0.8689808007614613,
    "pos_weight": 2.302136118481248,
    "min_recall": null
  },
  "summary": {
    "model_type": "logreg",
    "pos_weight": 2.302136118481248,
    "C": 0.8689808007614613,
    "min_recall": null,
    "roc_auc": 0.5938816251807224,
    "pr_auc": 0.05984435829008547,
    "f1": 0.11764705882352941,
    "precision": 0.07600950118764846,
    "recall": 0.2601626016260163,
    "brier": 0.04117483397060817,
    "ece": 0.005484052074104967,
    "threshold": 0.05856469411479357,
    "run_dir": "project/runs/optuna_short\\trial_4\\logreg_pw2.302136118481248_C0.8689808007614613"
  }
}