{
  "readmission": {
    "n": 5695,
    "positives": 246,
    "prevalence": 0.04319578577699736,
    "roc_auc": 0.5934631102596583,
    "pr_auc": 0.059219777170320724,
    "brier": 0.04118890258705127,
    "ece": 0.005028881618442861,
    "threshold": 0.058755934719614454,
    "precision": 0.07407407407407407,
    "recall": 0.2682926829268293,
    "f1": 0.11609498680738786,
    "specificity": 0.8485960726738851,
    "accuracy": 0.8235294117647058,
    "cm": {
      "tp": 66,
      "tn": 4624,
      "fp": 825,
      "fn": 180
    },
    "calibration_bins": {
      "bin": [
        "(-0.001, 0.019]",
        "(0.019, 0.0269]",
        "(0.0269, 0.0343]",
        "(0.0343, 0.0406]",
        "(0.0406, 0.0439]",
        "(0.0439, 0.0482]",
        "(0.0482, 0.0521]",
        "(0.0521, 0.0563]",
        "(0.0563, 0.0639]",
        "(0.0639, 0.137]"
      ],
      "count": [
        580,
        560,
        569,
        569,
        570,
        570,
        569,
        575,
        627,
        506
      ],
      "mean_proba": [
        0.017894802297059524,
        0.02323348075120593,
        0.030569832798594956,
        0.037380111846895554,
        0.04196076522783356,
        0.04588421268780702,
        0.050033688722290935,
        0.05365622587914957,
        0.06027338953253312,
        0.07607078565024092
      ],
      "empirical_rate": [
        0.02413793103448276,
        0.025,
        0.040421792618629174,
        0.03866432337434095,
        0.03859649122807018,
        0.04035087719298246,
        0.043936731107205626,
        0.04521739130434783,
        0.05741626794258373,
        0.08102766798418973
      ]
    }
  }
}