{
  "model_type": "logreg",
  "pos_weight": 1.7372985932648646,
  "C": 0.13563728017230267,
  "min_recall": null,
  "roc_auc": 0.5934631102596583,
  "pr_auc": 0.059219777170320724,
  "f1": 0.11609498680738786,
  "precision": 0.07407407407407407,
  "recall": 0.2682926829268293,
  "brier": 0.04118890258705127,
  "ece": 0.005028881618442861,
  "threshold": 0.058755934719614454,
  "run_dir": "project\\runs\\20250905_143527\\optuna_smoke\\trial_2\\logreg_pw1.7372985932648646_C0.13563728017230267"
}