{
  "readmission": {
    "n": 5695,
    "positives": 246,
    "prevalence": 0.04319578577699736,
    "roc_auc": 0.6325741129497916,
    "pr_auc": 0.07287634076282722,
    "brier": 0.040963825693368885,
    "ece": 0.006428793634285661,
    "threshold": 0.04536459375337492,
    "precision": 0.06397174254317112,
    "recall": 0.6626016260162602,
    "f1": 0.11667859699355762,
    "specificity": 0.5623050100935951,
    "accuracy": 0.5666374012291484,
    "cm": {
      "tp": 163,
      "tn": 3064,
      "fp": 2385,
      "fn": 83
    },
    "calibration_bins": {
      "bin": [
        "(0.0005399999999999999, 0.0188]",
        "(0.0188, 0.0314]",
        "(0.0314, 0.0364]",
        "(0.0364, 0.0398]",
        "(0.0398, 0.0431]",
        "(0.0431, 0.047]",
        "(0.047, 0.0518]",
        "(0.0518, 0.0571]",
        "(0.0571, 0.0646]",
        "(0.0646, 0.167]"
      ],
      "count": [
        570,
        569,
        578,
        561,
        571,
        568,
        569,
        572,
        567,
        570
      ],
      "mean_proba": [
        0.006568926953973386,
        0.026979094723210344,
        0.03402570438432763,
        0.03785009857960353,
        0.04132021146213593,
        0.04517116387838697,
        0.04950323874312292,
        0.0542563130875186,
        0.060686341074453705,
        0.07680507093749657
      ],
      "empirical_rate": [
        0.012280701754385965,
        0.019332161687170474,
        0.025951557093425604,
        0.0338680926916221,
        0.03852889667250438,
        0.0528169014084507,
        0.054481546572934976,
        0.05944055944055944,
        0.06878306878306878,
        0.06666666666666667
      ]
    }
  }
}