{
  "readmission": {
    "n": 5695,
    "positives": 246,
    "prevalence": 0.04319578577699736,
    "roc_auc": 0.602853585427027,
    "pr_auc": 0.05753555982548537,
    "brier": 0.041154195187725263,
    "ece": 0.004400350706342631,
    "threshold": 0.05346235978160809,
    "precision": 0.06530089628681178,
    "recall": 0.4146341463414634,
    "f1": 0.11283185840707964,
    "specificity": 0.7320609286107542,
    "accuracy": 0.7183494293239684,
    "cm": {
      "tp": 102,
      "tn": 3989,
      "fp": 1460,
      "fn": 144
    },
    "calibration_bins": {
      "bin": [
        "(0.00234, 0.0223]",
        "(0.0223, 0.0245]",
        "(0.0245, 0.0308]",
        "(0.0308, 0.0377]",
        "(0.0377, 0.0433]",
        "(0.0433, 0.0475]",
        "(0.0475, 0.0523]",
        "(0.0523, 0.0567]",
        "(0.0567, 0.0656]",
        "(0.0656, 0.141]"
      ],
      "count": [
        638,
        502,
        570,
        570,
        579,
        561,
        566,
        570,
        572,
        567
      ],
      "mean_proba": [
        0.02107346644098691,
        0.023414737183702263,
        0.027151888395084787,
        0.03455928940856009,
        0.04072128301752443,
        0.0455897189921714,
        0.04989556755107386,
        0.05451340464561941,
        0.06079908728439576,
        0.07607437187478952
      ],
      "empirical_rate": [
        0.023510971786833857,
        0.0199203187250996,
        0.028070175438596492,
        0.03508771929824561,
        0.04317789291882556,
        0.049910873440285206,
        0.044169611307420496,
        0.06491228070175438,
        0.050699300699300696,
        0.07231040564373897
      ]
    }
  }
}