{
  "model_type": "logreg",
  "pos_weight": 3.3988657261679736,
  "C": 0.987018688032931,
  "min_recall": null,
  "feature_select_C": 0.11871720720810036,
  "phenotype_clusters": 6,
  "stack_readmission": 0,
  "roc_auc": 0.602853585427027,
  "pr_auc": 0.05753555982548537,
  "f1": 0.11283185840707964,
  "precision": 0.06530089628681178,
  "recall": 0.4146341463414634,
  "brier": 0.041154195187725263,
  "ece": 0.004400350706342631,
  "threshold": 0.05346235978160809,
  "run_dir": "project/tuning/logistic_joint\\trial_18\\logreg_pw3.3988657261679736_C0.987018688032931_fs0.11871720720810036_ph6"
}