{
  "model_type": "logreg",
  "pos_weight": 1.20322107681189,
  "C": 4.191149421789259,
  "min_recall": null,
  "roc_auc": 0.592584676534965,
  "pr_auc": 0.05922887120269518,
  "f1": 0.11850311850311851,
  "precision": 0.07960893854748603,
  "recall": 0.23170731707317074,
  "brier": 0.04118333008912671,
  "ece": 0.0064245956289718225,
  "threshold": 0.06062453610784555,
  "run_dir": "project\\runs\\20250905_143527\\optuna_smoke\\trial_3\\logreg_pw1.20322107681189_C4.191149421789259"
}