{
  "learning_rate": 0.04666963767236924,
  "max_depth": 5,
  "min_child_weight": 1.325152889039984,
  "subsample": 0.8430179407605753,
  "colsample_bytree": 0.6682096494749166,
  "lambda": 0.0017402990823522548,
  "alpha": 1.356124683738338,
  "gamma": 3.8625281322982374,
  "n_estimators": 347
}