{
  "auc": 0.8493818691045213,
  "pr_auc": 0.39265346969747955,
  "brier": 0.075721638999741,
  "threshold": 0.17668896321070235,
  "f1_at_threshold": 0.43928571382634846,
  "precision_at_threshold": 0.34135060129478134,
  "recall_at_threshold": 0.6160267111842804,
  "validation_threshold_info": {
    "precision": 0.3614573346113505,
    "recall": 0.6231404958667386,
    "f1": 0.4575242713794236,
    "threshold": 0.17668896321070235
  },
  "optuna_best_value_cv_mean_auc": 0.8528847415874046,
  "optuna_best_params": {
    "learning_rate": 0.04666963767236924,
    "max_depth": 5,
    "min_child_weight": 1.325152889039984,
    "subsample": 0.8430179407605753,
    "colsample_bytree": 0.6682096494749166,
    "lambda": 0.0017402990823522548,
    "alpha": 1.356124683738338,
    "gamma": 3.8625281322982374,
    "n_estimators": 347
  },
  "train_rows": 17004,
  "val_rows": 5668,
  "test_rows": 5668
}