{
  "model_type": "logreg",
  "pos_weight": 2.34090387618211,
  "C": 0.3513948059741508,
  "min_recall": null,
  "feature_select_C": 0.6218695884361098,
  "phenotype_clusters": 6,
  "stack_readmission": 0,
  "roc_auc": 0.6140158483618237,
  "pr_auc": 0.06337304545955545,
  "f1": 0.12472647702407003,
  "precision": 0.08532934131736528,
  "recall": 0.23170731707317074,
  "brier": 0.04107927853702511,
  "ece": 0.00627201541082016,
  "threshold": 0.06297036307196964,
  "run_dir": "project/tuning/logistic_joint\\trial_30\\logreg_pw2.34090387618211_C0.3513948059741508_fs0.6218695884361098_ph6"
}