{
  "readmission": {
    "n": 5695,
    "positives": 246,
    "prevalence": 0.04319578577699736,
    "roc_auc": 0.6142411451642503,
    "pr_auc": 0.06293458518651421,
    "brier": 0.04106458789903011,
    "ece": 0.005562204874313308,
    "threshold": 0.06640162600460213,
    "precision": 0.08662900188323917,
    "recall": 0.18699186991869918,
    "f1": 0.11840411840411841,
    "specificity": 0.9109928427234355,
    "accuracy": 0.8797190517998245,
    "cm": {
      "tp": 46,
      "tn": 4964,
      "fp": 485,
      "fn": 200
    },
    "calibration_bins": {
      "bin": [
        "(0.00278, 0.0195]",
        "(0.0195, 0.0243]",
        "(0.0243, 0.0312]",
        "(0.0312, 0.0383]",
        "(0.0383, 0.0445]",
        "(0.0445, 0.0482]",
        "(0.0482, 0.0524]",
        "(0.0524, 0.0576]",
        "(0.0576, 0.0657]",
        "(0.0657, 0.116]"
      ],
      "count": [
        674,
        498,
        539,
        572,
        565,
        569,
        573,
        566,
        569,
        570
      ],
      "mean_proba": [
        0.01817631507340581,
        0.0222855830634183,
        0.027815805493666072,
        0.03485230187061274,
        0.04161345607185661,
        0.046787401321600024,
        0.050466042404208246,
        0.05493120193017585,
        0.06121378631703269,
        0.07752906507314017
      ],
      "empirical_rate": [
        0.025222551928783383,
        0.014056224899598393,
        0.029684601113172542,
        0.043706293706293704,
        0.04247787610619469,
        0.040421792618629174,
        0.041884816753926704,
        0.053003533568904596,
        0.056239015817223195,
        0.08421052631578947
      ]
    }
  }
}