{
  "model_type": "logreg",
  "pos_weight": 1.2062456798425254,
  "C": 4.87294268102263,
  "min_recall": null,
  "feature_select_C": 1.0452710107238445,
  "phenotype_clusters": 0,
  "stack_readmission": 0,
  "roc_auc": 0.6142411451642503,
  "pr_auc": 0.06293458518651421,
  "f1": 0.11840411840411841,
  "precision": 0.08662900188323917,
  "recall": 0.18699186991869918,
  "brier": 0.04106458789903011,
  "ece": 0.005562204874313308,
  "threshold": 0.06640162600460213,
  "run_dir": "project/tuning/logistic_joint\\trial_46\\logreg_pw1.2062456798425254_C4.87294268102263_fs1.0452710107238445_ph0"
}