{
  "readmission": {
    "n": 5695,
    "positives": 246,
    "prevalence": 0.04319578577699736,
    "roc_auc": 0.594277013608822,
    "pr_auc": 0.06005435925083098,
    "brier": 0.0411688746946753,
    "ece": 0.007035103840722595,
    "threshold": 0.0631652844140043,
    "precision": 0.08320251177394035,
    "recall": 0.21544715447154472,
    "f1": 0.12004530011325028,
    "specificity": 0.8928243714443017,
    "accuracy": 0.8635645302897278,
    "cm": {
      "tp": 53,
      "tn": 4865,
      "fp": 584,
      "fn": 193
    },
    "calibration_bins": {
      "bin": [
        "(-0.001, 0.0222]",
        "(0.0222, 0.0264]",
        "(0.0264, 0.0335]",
        "(0.0335, 0.0405]",
        "(0.0405, 0.0444]",
        "(0.0444, 0.0481]",
        "(0.0481, 0.0516]",
        "(0.0516, 0.0555]",
        "(0.0555, 0.0632]",
        "(0.0632, 0.129]"
      ],
      "count": [
        712,
        432,
        565,
        619,
        521,
        569,
        695,
        452,
        580,
        550
      ],
      "mean_proba": [
        0.021175840063622362,
        0.02469311402037623,
        0.029986033092499184,
        0.03758183575158532,
        0.04279823122115803,
        0.04642670640948854,
        0.049956560678885244,
        0.053162902368392294,
        0.05922924847939409,
        0.07206953221823127
      ],
      "empirical_rate": [
        0.02247191011235955,
        0.020833333333333332,
        0.04601769911504425,
        0.04038772213247173,
        0.030710172744721688,
        0.033391915641476276,
        0.05467625899280575,
        0.05530973451327434,
        0.05,
        0.07818181818181819
      ]
    }
  }
}