{
  "readmission": {
    "n": 5695,
    "positives": 246,
    "prevalence": 0.04319578577699736,
    "roc_auc": 0.6119464002494677,
    "pr_auc": 0.06327098330949876,
    "brier": 0.04108063856172769,
    "ece": 0.006282340605486584,
    "threshold": 0.06647358971904278,
    "precision": 0.08815028901734104,
    "recall": 0.24796747967479674,
    "f1": 0.1300639658848614,
    "specificity": 0.8841989355845109,
    "accuracy": 0.8567164179104477,
    "cm": {
      "tp": 61,
      "tn": 4818,
      "fp": 631,
      "fn": 185
    },
    "calibration_bins": {
      "bin": [
        "(-0.001, 0.0201]",
        "(0.0201, 0.0239]",
        "(0.0239, 0.0306]",
        "(0.0306, 0.0376]",
        "(0.0376, 0.0429]",
        "(0.0429, 0.048]",
        "(0.048, 0.0534]",
        "(0.0534, 0.0588]",
        "(0.0588, 0.0686]",
        "(0.0686, 0.133]"
      ],
      "count": [
        589,
        564,
        556,
        576,
        564,
        583,
        562,
        562,
        658,
        481
      ],
      "mean_proba": [
        0.01903958064297948,
        0.021771465868297698,
        0.027069964107528183,
        0.03423116828324284,
        0.04041001820203732,
        0.04540626413418419,
        0.051166869538361505,
        0.055758619350890146,
        0.06380843846667907,
        0.08037650288582256
      ],
      "empirical_rate": [
        0.027164685908319185,
        0.014184397163120567,
        0.0341726618705036,
        0.036458333333333336,
        0.040780141843971635,
        0.04631217838765009,
        0.033807829181494664,
        0.060498220640569395,
        0.05623100303951368,
        0.08731808731808732
      ]
    }
  }
}