{
  "model_type": "hgb",
  "pos_weight": 3.8810632549382884,
  "C": 1.2021554475654614,
  "min_recall": null,
  "feature_select_C": 0.06822433562501594,
  "phenotype_clusters": 6,
  "stack_readmission": 1,
  "roc_auc": 0.6187638665705798,
  "pr_auc": 0.06244934160953988,
  "f1": 0.1162280701754386,
  "precision": 0.07957957957957958,
  "recall": 0.21544715447154472,
  "brier": 0.04102709424126575,
  "ece": 0.007035546886993381,
  "threshold": 0.06186479991516643,
  "run_dir": "project/tuning/hgb_joint\\trial_4\\hgb_pw3.8810632549382884_C1.2021554475654614_fs0.06822433562501594_ph6_stack"
}