{
  "readmission": {
    "n": 5695,
    "positives": 246,
    "prevalence": 0.04319578577699736,
    "roc_auc": 0.619452812256146,
    "pr_auc": 0.06382864004508762,
    "brier": 0.0410860154144574,
    "ece": 0.007549593941022855,
    "threshold": 0.06553343661424806,
    "precision": 0.09690721649484536,
    "recall": 0.1910569105691057,
    "f1": 0.12859097127222982,
    "specificity": 0.9196182785832263,
    "accuracy": 0.8881474978050922,
    "cm": {
      "tp": 47,
      "tn": 5011,
      "fp": 438,
      "fn": 199
    },
    "calibration_bins": {
      "bin": [
        "(-0.001, 0.0199]",
        "(0.0199, 0.0238]",
        "(0.0238, 0.031]",
        "(0.031, 0.0371]",
        "(0.0371, 0.043]",
        "(0.043, 0.0477]",
        "(0.0477, 0.0531]",
        "(0.0531, 0.059]",
        "(0.059, 0.0641]",
        "(0.0641, 0.138]"
      ],
      "count": [
        644,
        495,
        570,
        569,
        620,
        519,
        570,
        570,
        597,
        541
      ],
      "mean_proba": [
        0.019376951297274722,
        0.02175702338245399,
        0.02724900918492762,
        0.034178114047181705,
        0.0405422004623838,
        0.04548671467612922,
        0.050623426914405203,
        0.05587633057932639,
        0.061835662901504475,
        0.08060003769983086
      ],
      "empirical_rate": [
        0.023291925465838508,
        0.014141414141414142,
        0.03859649122807018,
        0.026362038664323375,
        0.041935483870967745,
        0.04046242774566474,
        0.0456140350877193,
        0.06491228070175438,
        0.04690117252931323,
        0.09057301293900184
      ]
    }
  }
}