{
  "model_type": "logreg",
  "pos_weight": 0.5272654858643806,
  "C": 1.241666437993332,
  "min_recall": null,
  "feature_select_C": 0.36306170054201575,
  "phenotype_clusters": 6,
  "stack_readmission": 0,
  "roc_auc": 0.6147928239238348,
  "pr_auc": 0.06220126846707813,
  "f1": 0.11684782608695653,
  "precision": 0.08775510204081632,
  "recall": 0.17479674796747968,
  "brier": 0.04108238949811418,
  "ece": 0.004502977996173967,
  "threshold": 0.06905264810102173,
  "run_dir": "project/tuning/logistic_joint\\trial_12\\logreg_pw0.5272654858643806_C1.241666437993332_fs0.36306170054201575_ph6"
}