{
  "readmission": {
    "n": 5695,
    "positives": 246,
    "prevalence": 0.04319578577699736,
    "roc_auc": 0.6217535252981452,
    "pr_auc": 0.06072470723798219,
    "brier": 0.041098530040566426,
    "ece": 0.006919297817886962,
    "threshold": 0.04523534937505373,
    "precision": 0.06144223693892568,
    "recall": 0.6788617886178862,
    "f1": 0.1126855600539811,
    "specificity": 0.5318407047164617,
    "accuracy": 0.5381913959613697,
    "cm": {
      "tp": 167,
      "tn": 2898,
      "fp": 2551,
      "fn": 79
    },
    "calibration_bins": {
      "bin": [
        "(0.00179, 0.0189]",
        "(0.0189, 0.0313]",
        "(0.0313, 0.0365]",
        "(0.0365, 0.0404]",
        "(0.0404, 0.044]",
        "(0.044, 0.0482]",
        "(0.0482, 0.0522]",
        "(0.0522, 0.057]",
        "(0.057, 0.064]",
        "(0.064, 0.258]"
      ],
      "count": [
        570,
        570,
        572,
        588,
        548,
        572,
        568,
        571,
        571,
        565
      ],
      "mean_proba": [
        0.008612503605593595,
        0.026893576470321,
        0.0341908843530619,
        0.0386143613391943,
        0.04232309007670272,
        0.04628197446863315,
        0.05031126553988017,
        0.054610766940045304,
        0.06031214279531645,
        0.07404474282585985
      ],
      "empirical_rate": [
        0.014035087719298246,
        0.01929824561403509,
        0.02972027972027972,
        0.03571428571428571,
        0.03102189781021898,
        0.06468531468531469,
        0.05457746478873239,
        0.0542907180385289,
        0.0647985989492119,
        0.06371681415929203
      ]
    }
  }
}