{
  "readmission": {
    "n": 5695,
    "positives": 246,
    "prevalence": 0.04319578577699736,
    "roc_auc": 0.5927111262303667,
    "pr_auc": 0.059745301277456975,
    "brier": 0.0411859312691076,
    "ece": 0.0050911618945352335,
    "threshold": 0.061159630492357286,
    "precision": 0.07945205479452055,
    "recall": 0.23577235772357724,
    "f1": 0.11885245901639344,
    "specificity": 0.8766746191961828,
    "accuracy": 0.848990342405619,
    "cm": {
      "tp": 58,
      "tn": 4777,
      "fp": 672,
      "fn": 188
    },
    "calibration_bins": {
      "bin": [
        "(-0.001, 0.0232]",
        "(0.0232, 0.0261]",
        "(0.0261, 0.0337]",
        "(0.0337, 0.0408]",
        "(0.0408, 0.0448]",
        "(0.0448, 0.0482]",
        "(0.0482, 0.0511]",
        "(0.0511, 0.0552]",
        "(0.0552, 0.0633]",
        "(0.0633, 0.131]"
      ],
      "count": [
        570,
        570,
        572,
        566,
        576,
        564,
        569,
        569,
        714,
        425
      ],
      "mean_proba": [
        0.020576474822236165,
        0.02385667047172309,
        0.029785417036902233,
        0.03755679321614267,
        0.04306272731287905,
        0.04662292841143047,
        0.04993494674502701,
        0.0528667680521403,
        0.05982237780705395,
        0.07523739168864675
      ],
      "empirical_rate": [
        0.028070175438596492,
        0.01929824561403509,
        0.043706293706293704,
        0.037102473498233215,
        0.03819444444444445,
        0.03546099290780142,
        0.04745166959578207,
        0.0492091388400703,
        0.06022408963585434,
        0.07764705882352942
      ]
    }
  }
}