{
  "model_type": "hgb",
  "pos_weight": 1.2680274369875697,
  "C": 0.18397972554281644,
  "min_recall": null,
  "feature_select_C": 0.609243954743451,
  "phenotype_clusters": 0,
  "stack_readmission": 0,
  "roc_auc": 0.6325741129497916,
  "pr_auc": 0.07287634076282722,
  "f1": 0.11667859699355762,
  "precision": 0.06397174254317112,
  "recall": 0.6626016260162602,
  "brier": 0.040963825693368885,
  "ece": 0.006428793634285661,
  "threshold": 0.04536459375337492,
  "run_dir": "project/tuning/hgb_joint\\trial_12\\hgb_pw1.2680274369875697_C0.18397972554281644_fs0.609243954743451_ph0"
}