{
  "readmission": {
    "n": 5695,
    "positives": 246,
    "prevalence": 0.04319578577699736,
    "roc_auc": 0.6119840740525225,
    "pr_auc": 0.06153254215074548,
    "brier": 0.04116177447235003,
    "ece": 0.005800713902342774,
    "threshold": 0.0667051348966425,
    "precision": 0.08358662613981763,
    "recall": 0.22357723577235772,
    "f1": 0.12168141592920353,
    "specificity": 0.8893374931180033,
    "accuracy": 0.8605794556628622,
    "cm": {
      "tp": 55,
      "tn": 4846,
      "fp": 603,
      "fn": 191
    },
    "calibration_bins": {
      "bin": [
        "(0.00562, 0.0198]",
        "(0.0198, 0.0255]",
        "(0.0255, 0.0311]",
        "(0.0311, 0.0371]",
        "(0.0371, 0.0413]",
        "(0.0413, 0.0452]",
        "(0.0452, 0.0524]",
        "(0.0524, 0.06]",
        "(0.06, 0.0683]",
        "(0.0683, 0.21]"
      ],
      "count": [
        603,
        540,
        567,
        584,
        561,
        564,
        577,
        560,
        572,
        567
      ],
      "mean_proba": [
        0.018415786694157363,
        0.022527816550643235,
        0.028195754533302086,
        0.03450754506187672,
        0.03935465557852156,
        0.04313445628730836,
        0.048588937460976554,
        0.05618642248799843,
        0.06381315689223849,
        0.08150583155606247
      ],
      "empirical_rate": [
        0.028192371475953566,
        0.012962962962962963,
        0.03350970017636684,
        0.0273972602739726,
        0.044563279857397504,
        0.04964539007092199,
        0.04679376083188908,
        0.05,
        0.057692307692307696,
        0.08112874779541446
      ]
    }
  }
}