{
  "readmission": {
    "n": 5695,
    "positives": 246,
    "prevalence": 0.04319578577699736,
    "roc_auc": 0.6381710972551091,
    "pr_auc": 0.0706548420295049,
    "brier": 0.0409428422895571,
    "ece": 0.005742899767546183,
    "threshold": 0.059874273230313704,
    "precision": 0.07860262008733625,
    "recall": 0.2926829268292683,
    "f1": 0.12392426850258176,
    "specificity": 0.8451091943475867,
    "accuracy": 0.8212467076382792,
    "cm": {
      "tp": 72,
      "tn": 4605,
      "fp": 844,
      "fn": 174
    },
    "calibration_bins": {
      "bin": [
        "(0.0012699999999999999, 0.0153]",
        "(0.0153, 0.0311]",
        "(0.0311, 0.0367]",
        "(0.0367, 0.0403]",
        "(0.0403, 0.0444]",
        "(0.0444, 0.048]",
        "(0.048, 0.0517]",
        "(0.0517, 0.0563]",
        "(0.0563, 0.0649]",
        "(0.0649, 0.141]"
      ],
      "count": [
        570,
        573,
        566,
        577,
        577,
        559,
        566,
        569,
        587,
        551
      ],
      "mean_proba": [
        0.008149874261475903,
        0.025438304667564558,
        0.03422812327032828,
        0.03875890793554901,
        0.04257026947915929,
        0.04622529516352873,
        0.04994558123612834,
        0.05431412697134882,
        0.060653523514837604,
        0.07543492382393437
      ],
      "empirical_rate": [
        0.012280701754385965,
        0.02617801047120419,
        0.019434628975265017,
        0.029462738301559793,
        0.03986135181975736,
        0.057245080500894455,
        0.053003533568904596,
        0.050966608084358524,
        0.06643952299829642,
        0.0780399274047187
      ]
    }
  }
}