{
  "model_type": "hgb",
  "pos_weight": 1.6224186857805187,
  "C": 0.5666840728751288,
  "min_recall": null,
  "feature_select_C": 1.2302190061135996,
  "phenotype_clusters": 0,
  "stack_readmission": 0,
  "roc_auc": 0.6381710972551091,
  "pr_auc": 0.0706548420295049,
  "f1": 0.12392426850258176,
  "precision": 0.07860262008733625,
  "recall": 0.2926829268292683,
  "brier": 0.0409428422895571,
  "ece": 0.005742899767546183,
  "threshold": 0.059874273230313704,
  "run_dir": "project/tuning/hgb_joint\\trial_1\\hgb_pw1.6224186857805187_C0.5666840728751288_fs1.2302190061135996_ph0"
}