{
  "readmission": {
    "n": 5695,
    "positives": 246,
    "prevalence": 0.04319578577699736,
    "roc_auc": 0.6050662685925813,
    "pr_auc": 0.058834429678093464,
    "brier": 0.2202782837762679,
    "ece": 0.3629308725982019,
    "threshold": 0.6986407419794634,
    "precision": 0.08424908424908426,
    "recall": 0.18699186991869918,
    "f1": 0.11616161616161616,
    "specificity": 0.9082400440447789,
    "accuracy": 0.8770851624231782,
    "cm": {
      "tp": 46,
      "tn": 4949,
      "fp": 500,
      "fn": 200
    },
    "calibration_bins": {
      "bin": [
        "(-0.001, 0.0554]",
        "(0.0554, 0.153]",
        "(0.153, 0.264]",
        "(0.264, 0.358]",
        "(0.358, 0.429]",
        "(0.429, 0.492]",
        "(0.492, 0.551]",
        "(0.551, 0.606]",
        "(0.606, 0.693]",
        "(0.693, 1.0]"
      ],
      "count": [
        570,
        569,
        570,
        569,
        570,
        569,
        569,
        570,
        569,
        570
      ],
      "mean_proba": [
        0.01817812356101997,
        0.10178020833923775,
        0.2089311195254963,
        0.3133704615988208,
        0.3937490360737944,
        0.4615079832843978,
        0.5208165674426221,
        0.577921223423364,
        0.645180067249044,
        0.7965600087903368
      ],
      "empirical_rate": [
        0.02982456140350877,
        0.01054481546572935,
        0.03508771929824561,
        0.02460456942003515,
        0.04912280701754386,
        0.054481546572934976,
        0.040421792618629174,
        0.05789473684210526,
        0.0492091388400703,
        0.08070175438596491
      ]
    }
  }
}