{
  "readmission": {
    "n": 5695,
    "positives": 246,
    "prevalence": 0.04319578577699736,
    "roc_auc": 0.6049051291577332,
    "pr_auc": 0.06048459467860869,
    "brier": 0.04111862512973436,
    "ece": 0.005904705344596776,
    "threshold": 0.06220155693245728,
    "precision": 0.07808219178082192,
    "recall": 0.23170731707317074,
    "f1": 0.1168032786885246,
    "specificity": 0.8764910992842724,
    "accuracy": 0.8486391571553995,
    "cm": {
      "tp": 57,
      "tn": 4776,
      "fp": 673,
      "fn": 189
    },
    "calibration_bins": {
      "bin": [
        "(-0.001, 0.0203]",
        "(0.0203, 0.0253]",
        "(0.0253, 0.0317]",
        "(0.0317, 0.0372]",
        "(0.0372, 0.0432]",
        "(0.0432, 0.0481]",
        "(0.0481, 0.0528]",
        "(0.0528, 0.0568]",
        "(0.0568, 0.0641]",
        "(0.0641, 0.125]"
      ],
      "count": [
        594,
        546,
        570,
        568,
        572,
        567,
        569,
        574,
        624,
        511
      ],
      "mean_proba": [
        0.01920823903816566,
        0.02323973578508918,
        0.02865177683293641,
        0.03451796776249132,
        0.04043493085322231,
        0.04577651869083828,
        0.05043912349584473,
        0.05456252274517926,
        0.06053363831045661,
        0.08034025726410737
      ],
      "empirical_rate": [
        0.026936026936026935,
        0.014652014652014652,
        0.03684210526315789,
        0.02992957746478873,
        0.04020979020979021,
        0.04585537918871252,
        0.05799648506151142,
        0.04529616724738676,
        0.0641025641025641,
        0.07045009784735812
      ]
    }
  }
}