{
  "readmission": {
    "n": 5695,
    "positives": 246,
    "prevalence": 0.04319578577699736,
    "roc_auc": 0.6384859159657847,
    "pr_auc": 0.07439379029466825,
    "brier": 0.040910436293325234,
    "ece": 0.006720826775505362,
    "threshold": 0.05734076587842858,
    "precision": 0.075,
    "recall": 0.32926829268292684,
    "f1": 0.12217194570135746,
    "specificity": 0.8166636080014682,
    "accuracy": 0.7956101843722564,
    "cm": {
      "tp": 81,
      "tn": 4450,
      "fp": 999,
      "fn": 165
    },
    "calibration_bins": {
      "bin": [
        "(0.00199, 0.0152]",
        "(0.0152, 0.0307]",
        "(0.0307, 0.0371]",
        "(0.0371, 0.0412]",
        "(0.0412, 0.0449]",
        "(0.0449, 0.0486]",
        "(0.0486, 0.0523]",
        "(0.0523, 0.0568]",
        "(0.0568, 0.0641]",
        "(0.0641, 0.21]"
      ],
      "count": [
        570,
        569,
        574,
        587,
        548,
        569,
        571,
        568,
        571,
        568
      ],
      "mean_proba": [
        0.008077276255525763,
        0.024543707556642983,
        0.03422088685721527,
        0.03943210577668194,
        0.04316899314249827,
        0.04678256921772921,
        0.05047756712453735,
        0.05453019613409565,
        0.06016894779907537,
        0.07505689052836853
      ],
      "empirical_rate": [
        0.014035087719298246,
        0.012302284710017574,
        0.029616724738675958,
        0.028960817717206135,
        0.058394160583941604,
        0.040421792618629174,
        0.05253940455341506,
        0.0528169014084507,
        0.06654991243432574,
        0.07746478873239436
      ]
    }
  }
}