{
  "readmission": {
    "n": 5695,
    "positives": 246,
    "prevalence": 0.04319578577699736,
    "roc_auc": 0.6140158483618237,
    "pr_auc": 0.06337304545955545,
    "brier": 0.04107927853702511,
    "ece": 0.00627201541082016,
    "threshold": 0.06297036307196964,
    "precision": 0.08532934131736528,
    "recall": 0.23170731707317074,
    "f1": 0.12472647702407003,
    "specificity": 0.8878693338227198,
    "accuracy": 0.8595258999122037,
    "cm": {
      "tp": 57,
      "tn": 4838,
      "fp": 611,
      "fn": 189
    },
    "calibration_bins": {
      "bin": [
        "(-0.001, 0.0206]",
        "(0.0206, 0.0251]",
        "(0.0251, 0.0317]",
        "(0.0317, 0.0381]",
        "(0.0381, 0.0436]",
        "(0.0436, 0.047]",
        "(0.047, 0.0522]",
        "(0.0522, 0.0579]",
        "(0.0579, 0.0643]",
        "(0.0643, 0.143]"
      ],
      "count": [
        638,
        506,
        565,
        571,
        609,
        528,
        571,
        568,
        663,
        476
      ],
      "mean_proba": [
        0.019674691551266735,
        0.022495380855131458,
        0.02806504071737805,
        0.03509314900621653,
        0.041193459961866706,
        0.04511050279152848,
        0.04959244965257702,
        0.05506720175415374,
        0.06164090239577443,
        0.08161919508671
      ],
      "empirical_rate": [
        0.025078369905956112,
        0.01383399209486166,
        0.035398230088495575,
        0.0297723292469352,
        0.04597701149425287,
        0.04924242424242424,
        0.03852889667250438,
        0.05457746478873239,
        0.05429864253393665,
        0.09033613445378151
      ]
    }
  }
}