{
  "model_type": "logreg",
  "pos_weight": 1.5355759990592823,
  "C": 0.454271290556346,
  "min_recall": null,
  "feature_select_C": 0.4910430100199231,
  "phenotype_clusters": 4,
  "stack_readmission": 1,
  "roc_auc": 0.6107087598679253,
  "pr_auc": 0.061977685269707344,
  "f1": 0.11933701657458563,
  "precision": 0.0819423368740516,
  "recall": 0.21951219512195122,
  "brier": 0.041099881525928174,
  "ece": 0.008141410264096455,
  "threshold": 0.06413485758927202,
  "run_dir": "project/tuning/logistic_joint\\trial_49\\logreg_pw1.5355759990592823_C0.454271290556346_fs0.4910430100199231_ph4_stack"
}