{
  "readmission": {
    "n": 5695,
    "positives": 246,
    "prevalence": 0.04319578577699736,
    "roc_auc": 0.616287839791593,
    "pr_auc": 0.06304910723773098,
    "brier": 0.04108411672761499,
    "ece": 0.006291174830920386,
    "threshold": 0.06376825521369477,
    "precision": 0.0849933598937583,
    "recall": 0.2601626016260163,
    "f1": 0.12812812812812813,
    "specificity": 0.8735547806937053,
    "accuracy": 0.8470588235294118,
    "cm": {
      "tp": 64,
      "tn": 4760,
      "fp": 689,
      "fn": 182
    },
    "calibration_bins": {
      "bin": [
        "(-0.001, 0.0192]",
        "(0.0192, 0.023]",
        "(0.023, 0.0297]",
        "(0.0297, 0.0382]",
        "(0.0382, 0.0436]",
        "(0.0436, 0.0481]",
        "(0.0481, 0.052]",
        "(0.052, 0.0583]",
        "(0.0583, 0.0651]",
        "(0.0651, 0.132]"
      ],
      "count": [
        689,
        450,
        591,
        549,
        569,
        570,
        570,
        568,
        584,
        555
      ],
      "mean_proba": [
        0.018713018164745274,
        0.021352281844955797,
        0.026390730134329517,
        0.03410850354943454,
        0.041047200942806804,
        0.045905467931143425,
        0.05031765084265425,
        0.055106543279713274,
        0.062100704161260366,
        0.08112097604776076
      ],
      "empirical_rate": [
        0.023222060957910014,
        0.017777777777777778,
        0.02707275803722504,
        0.04007285974499089,
        0.043936731107205626,
        0.03508771929824561,
        0.04912280701754386,
        0.06514084507042253,
        0.04452054794520548,
        0.08648648648648649
      ]
    }
  }
}