{
  "model_type": "logreg",
  "pos_weight": 0.6912732391286837,
  "C": 1.9712425663471935,
  "min_recall": null,
  "feature_select_C": 0.6646273244061048,
  "phenotype_clusters": 0,
  "stack_readmission": 0,
  "roc_auc": 0.6163654254454087,
  "pr_auc": 0.06380873331965142,
  "f1": 0.1215323645970938,
  "precision": 0.09001956947162426,
  "recall": 0.18699186991869918,
  "brier": 0.041051879350322194,
  "ece": 0.00686287225797783,
  "threshold": 0.06820259964958765,
  "run_dir": "project/tuning/logistic_joint\\trial_39\\logreg_pw0.6912732391286837_C1.9712425663471935_fs0.6646273244061048_ph0"
}