{
  "readmission": {
    "n": 5695,
    "positives": 246,
    "prevalence": 0.04319578577699736,
    "roc_auc": 0.6036253388777235,
    "pr_auc": 0.05900333679911565,
    "brier": 0.04115810337120839,
    "ece": 0.006360229568748755,
    "threshold": 0.056512890642741134,
    "precision": 0.06719653179190752,
    "recall": 0.3780487804878049,
    "f1": 0.11411042944785275,
    "specificity": 0.763075793723619,
    "accuracy": 0.7464442493415276,
    "cm": {
      "tp": 93,
      "tn": 4158,
      "fp": 1291,
      "fn": 153
    },
    "calibration_bins": {
      "bin": [
        "(0.00198, 0.0201]",
        "(0.0201, 0.0252]",
        "(0.0252, 0.0303]",
        "(0.0303, 0.0369]",
        "(0.0369, 0.0423]",
        "(0.0423, 0.0471]",
        "(0.0471, 0.0528]",
        "(0.0528, 0.0592]",
        "(0.0592, 0.0681]",
        "(0.0681, 0.151]"
      ],
      "count": [
        570,
        576,
        568,
        580,
        554,
        571,
        567,
        587,
        552,
        570
      ],
      "mean_proba": [
        0.018745158488634416,
        0.02183364162857666,
        0.02779946006835002,
        0.03417189681652491,
        0.039959692553459,
        0.04460884577573278,
        0.04984096933604699,
        0.05623357420785842,
        0.0628437966166247,
        0.08061591320413214
      ],
      "empirical_rate": [
        0.02631578947368421,
        0.019097222222222224,
        0.03169014084507042,
        0.02586206896551724,
        0.05776173285198556,
        0.04553415061295972,
        0.042328042328042326,
        0.05110732538330494,
        0.06159420289855073,
        0.07192982456140351
      ]
    }
  }
}