{
  "readmission": {
    "n": 5694,
    "positives": 261,
    "prevalence": 0.0458377239199157,
    "roc_auc": 0.6219770199567987,
    "pr_auc": 0.07077387242092963,
    "brier": 0.23372149211360332,
    "ece": 0.39254645930003196,
    "threshold": 0.6749635934829712,
    "precision": 0.08525345622119816,
    "recall": 0.2835249042145594,
    "f1": 0.13108945969884853,
    "specificity": 0.8538560647892509,
    "accuracy": 0.827713382507903,
    "cm": {
      "tp": 74,
      "tn": 4639,
      "fp": 794,
      "fn": 187
    },
    "calibration_bins": {
      "bin": [
        "(0.022099999999999998, 0.126]",
        "(0.126, 0.22]",
        "(0.22, 0.311]",
        "(0.311, 0.392]",
        "(0.392, 0.463]",
        "(0.463, 0.526]",
        "(0.526, 0.588]",
        "(0.588, 0.647]",
        "(0.647, 0.705]",
        "(0.705, 0.839]"
      ],
      "count": [
        570,
        569,
        569,
        570,
        569,
        569,
        570,
        569,
        569,
        570
      ],
      "mean_proba": [
        0.08147989603315006,
        0.1726473608366844,
        0.2666180735103694,
        0.35304406368941593,
        0.428405542051017,
        0.4929181407541299,
        0.5566791842904008,
        0.6176548703902635,
        0.6756849691193217,
        0.7387511768884826
      ],
      "empirical_rate": [
        0.015789473684210527,
        0.0210896309314587,
        0.03690685413005272,
        0.03859649122807018,
        0.05272407732864675,
        0.0421792618629174,
        0.043859649122807015,
        0.054481546572934976,
        0.06854130052724078,
        0.08421052631578947
      ]
    }
  },
  "meta": {
    "evaluation_split": "val",
    "train_size": 17083,
    "eval_size": 5694
  }
}