{
  "readmission": {
    "n": 5695,
    "positives": 246,
    "prevalence": 0.04319578577699736,
    "roc_auc": 0.5913026482072492,
    "pr_auc": 0.05982206654859339,
    "brier": 0.04121088246701381,
    "ece": 0.008114804932687692,
    "threshold": 0.062251252943791045,
    "precision": 0.08849557522123894,
    "recall": 0.24390243902439024,
    "f1": 0.12987012987012986,
    "specificity": 0.8865846944393466,
    "accuracy": 0.8588235294117647,
    "cm": {
      "tp": 60,
      "tn": 4831,
      "fp": 618,
      "fn": 186
    },
    "calibration_bins": {
      "bin": [
        "(0.0026, 0.0205]",
        "(0.0205, 0.0268]",
        "(0.0268, 0.0347]",
        "(0.0347, 0.0404]",
        "(0.0404, 0.044]",
        "(0.044, 0.0481]",
        "(0.0481, 0.0525]",
        "(0.0525, 0.0559]",
        "(0.0559, 0.0631]",
        "(0.0631, 0.171]"
      ],
      "count": [
        574,
        566,
        569,
        578,
        571,
        559,
        597,
        544,
        643,
        494
      ],
      "mean_proba": [
        0.019012782586294595,
        0.02375310795881618,
        0.030674025822390184,
        0.03783369961619636,
        0.042038891016248046,
        0.04592085080726356,
        0.050162833066015364,
        0.05358382193952605,
        0.05960183975172914,
        0.07530758367496389
      ],
      "empirical_rate": [
        0.024390243902439025,
        0.028268551236749116,
        0.03690685413005272,
        0.04844290657439446,
        0.028021015761821366,
        0.04114490161001789,
        0.04522613065326633,
        0.042279411764705885,
        0.05287713841368585,
        0.08906882591093117
      ]
    }
  }
}