{
  "model_type": "logreg",
  "pos_weight": 3.382011248066961,
  "C": 0.11771046057039312,
  "min_recall": null,
  "roc_auc": 0.5913026482072492,
  "pr_auc": 0.05982206654859339,
  "f1": 0.12987012987012986,
  "precision": 0.08849557522123894,
  "recall": 0.24390243902439024,
  "brier": 0.04121088246701381,
  "ece": 0.008114804932687692,
  "threshold": 0.062251252943791045,
  "run_dir": "project/runs/optuna_short\\trial_1\\logreg_pw3.382011248066961_C0.11771046057039312"
}