{
  "model_type": "logreg",
  "pos_weight": 1.0377141733860524,
  "C": 0.2635802845426281,
  "min_recall": null,
  "roc_auc": 0.5962416464869364,
  "pr_auc": 0.06064597476521834,
  "f1": 0.12298387096774194,
  "precision": 0.08176943699731903,
  "recall": 0.24796747967479674,
  "brier": 0.0411446894434947,
  "ece": 0.00592062164661181,
  "threshold": 0.061824860931231664,
  "run_dir": "project\\runs\\20250905_143527\\optuna_smoke\\trial_1\\logreg_pw1.0377141733860524_C0.2635802845426281"
}