{
  "readmission": {
    "n": 5695,
    "positives": 246,
    "prevalence": 0.04319578577699736,
    "roc_auc": 0.6122600999362903,
    "pr_auc": 0.06173778672364774,
    "brier": 0.04109611717823794,
    "ece": 0.006410008192926353,
    "threshold": 0.05901679421712447,
    "precision": 0.07327971403038427,
    "recall": 0.3333333333333333,
    "f1": 0.12014652014652015,
    "specificity": 0.8096898513488714,
    "accuracy": 0.7891132572431958,
    "cm": {
      "tp": 82,
      "tn": 4412,
      "fp": 1037,
      "fn": 164
    },
    "calibration_bins": {
      "bin": [
        "(-0.001, 0.0199]",
        "(0.0199, 0.0228]",
        "(0.0228, 0.0294]",
        "(0.0294, 0.0372]",
        "(0.0372, 0.044]",
        "(0.044, 0.0485]",
        "(0.0485, 0.0533]",
        "(0.0533, 0.0586]",
        "(0.0586, 0.0665]",
        "(0.0665, 0.121]"
      ],
      "count": [
        618,
        533,
        558,
        569,
        575,
        564,
        597,
        542,
        679,
        460
      ],
      "mean_proba": [
        0.019315862145959744,
        0.02098696651225603,
        0.025817278723402996,
        0.03355570512741699,
        0.04045889624023279,
        0.045912651371712215,
        0.05111303119912007,
        0.05613611609012724,
        0.06294140297252346,
        0.08203278186989739
      ],
      "empirical_rate": [
        0.02750809061488673,
        0.009380863039399626,
        0.03763440860215054,
        0.033391915641476276,
        0.04521739130434783,
        0.040780141843971635,
        0.04020100502512563,
        0.05350553505535055,
        0.06774668630338733,
        0.0782608695652174
      ]
    }
  }
}