{
  "model_type": "logreg",
  "pos_weight": 0.8753750375964409,
  "C": 0.2734528341899584,
  "min_recall": null,
  "feature_select_C": 0.7237373398453734,
  "phenotype_clusters": 6,
  "stack_readmission": 0,
  "roc_auc": 0.6122600999362903,
  "pr_auc": 0.06173778672364774,
  "f1": 0.12014652014652015,
  "precision": 0.07327971403038427,
  "recall": 0.3333333333333333,
  "brier": 0.04109611717823794,
  "ece": 0.006410008192926353,
  "threshold": 0.05901679421712447,
  "run_dir": "project/tuning/logistic_joint\\trial_20\\logreg_pw0.8753750375964409_C0.2734528341899584_fs0.7237373398453734_ph6"
}