{
  "model_type": "logreg",
  "pos_weight": 1.0204554011672062,
  "C": 2.9000944202503205,
  "min_recall": null,
  "feature_select_C": 0.6790496537727668,
  "phenotype_clusters": 0,
  "stack_readmission": 1,
  "roc_auc": 0.6120131686727034,
  "pr_auc": 0.06285680269263999,
  "f1": 0.11886304909560723,
  "precision": 0.08712121212121213,
  "recall": 0.18699186991869918,
  "brier": 0.04107141279320063,
  "ece": 0.005607765453454503,
  "threshold": 0.06827900255256762,
  "run_dir": "project/tuning/logistic_joint\\trial_40\\logreg_pw1.0204554011672062_C2.9000944202503205_fs0.6790496537727668_ph0_stack"
}