{
  "readmission": {
    "n": 5695,
    "positives": 246,
    "prevalence": 0.04319578577699736,
    "roc_auc": 0.6084382604699602,
    "pr_auc": 0.060000106431813166,
    "brier": 0.2000565688373057,
    "ece": 0.3881925444275471,
    "threshold": 0.4922737936117173,
    "precision": 0.06406685236768803,
    "recall": 0.46747967479674796,
    "f1": 0.11268985791278785,
    "specificity": 0.6916865479904569,
    "accuracy": 0.6820017559262511,
    "cm": {
      "tp": 115,
      "tn": 3769,
      "fp": 1680,
      "fn": 131
    },
    "calibration_bins": {
      "bin": [
        "(0.213, 0.267]",
        "(0.267, 0.344]",
        "(0.344, 0.383]",
        "(0.383, 0.413]",
        "(0.413, 0.443]",
        "(0.443, 0.47]",
        "(0.47, 0.496]",
        "(0.496, 0.526]",
        "(0.526, 0.566]",
        "(0.566, 0.671]"
      ],
      "count": [
        572,
        567,
        570,
        569,
        570,
        569,
        569,
        570,
        569,
        570
      ],
      "mean_proba": [
        0.22210909323992958,
        0.3121355550102082,
        0.36504557906740787,
        0.3986733487112354,
        0.42879807629999844,
        0.455717900616962,
        0.48239506934342485,
        0.5105528686323454,
        0.5443415845793834,
        0.5944938313353896
      ],
      "empirical_rate": [
        0.01048951048951049,
        0.029982363315696647,
        0.031578947368421054,
        0.040421792618629174,
        0.04035087719298246,
        0.0421792618629174,
        0.0492091388400703,
        0.06666666666666667,
        0.054481546572934976,
        0.06666666666666667
      ]
    }
  }
}