{
  "model_type": "logreg",
  "pos_weight": 0.6001699929072755,
  "C": 1.4735326520968675,
  "min_recall": null,
  "feature_select_C": 0.3024506597246696,
  "phenotype_clusters": 6,
  "stack_readmission": 0,
  "roc_auc": 0.6122522667693184,
  "pr_auc": 0.06388198307825911,
  "f1": 0.12359550561797752,
  "precision": 0.0944206008583691,
  "recall": 0.17886178861788618,
  "brier": 0.041083061708673686,
  "ece": 0.006136406639003201,
  "threshold": 0.07096150527462032,
  "run_dir": "project/tuning/logistic_joint\\trial_11\\logreg_pw0.6001699929072755_C1.4735326520968675_fs0.3024506597246696_ph6"
}