{
  "readmission": {
    "n": 5695,
    "positives": 246,
    "prevalence": 0.04319578577699736,
    "roc_auc": 0.5985777952842843,
    "pr_auc": 0.05876092647346452,
    "brier": 0.21131976590559645,
    "ece": 0.3384267762918509,
    "threshold": 0.6002679263186266,
    "precision": 0.07304785894206549,
    "recall": 0.35365853658536583,
    "f1": 0.12108559498956159,
    "specificity": 0.7973940172508717,
    "accuracy": 0.7782265144863916,
    "cm": {
      "tp": 87,
      "tn": 4345,
      "fp": 1104,
      "fn": 159
    },
    "calibration_bins": {
      "bin": [
        "(-0.001, 0.0231]",
        "(0.0231, 0.0944]",
        "(0.0944, 0.192]",
        "(0.192, 0.306]",
        "(0.306, 0.391]",
        "(0.391, 0.467]",
        "(0.467, 0.537]",
        "(0.537, 0.606]",
        "(0.606, 0.704]",
        "(0.704, 1.0]"
      ],
      "count": [
        570,
        569,
        570,
        569,
        570,
        569,
        569,
        570,
        569,
        570
      ],
      "mean_proba": [
        0.005411814336665572,
        0.05699987087869699,
        0.1392724608385346,
        0.25082625656415536,
        0.35015390505070515,
        0.4308941520572225,
        0.5024994268067063,
        0.5707775425544785,
        0.6494330424612516,
        0.8181185671790531
      ],
      "empirical_rate": [
        0.02631578947368421,
        0.026362038664323375,
        0.03684210526315789,
        0.0351493848857645,
        0.02982456140350877,
        0.03163444639718805,
        0.0492091388400703,
        0.05789473684210526,
        0.06502636203866433,
        0.07368421052631578
      ]
    }
  }
}