{
  "model_type": "logreg",
  "pos_weight": 1.1218787214915733,
  "C": 0.730303662660039,
  "min_recall": null,
  "feature_select_C": 0.559518302379571,
  "phenotype_clusters": 6,
  "stack_readmission": 0,
  "roc_auc": 0.6153098129439727,
  "pr_auc": 0.06290069235467297,
  "f1": 0.12010443864229765,
  "precision": 0.08846153846153847,
  "recall": 0.18699186991869918,
  "brier": 0.04109198374354768,
  "ece": 0.005691066309355925,
  "threshold": 0.06568812598695223,
  "run_dir": "project/tuning/logistic_joint\\trial_25\\logreg_pw1.1218787214915733_C0.730303662660039_fs0.559518302379571_ph6"
}