{
  "model_type": "logreg",
  "pos_weight": 3.8131085392892405,
  "C": 1.0231609326500124,
  "min_recall": null,
  "feature_select_C": 0.485236275805212,
  "phenotype_clusters": 6,
  "stack_readmission": 0,
  "roc_auc": 0.6104834630654987,
  "pr_auc": 0.062391309106733676,
  "f1": 0.11742424242424243,
  "precision": 0.07654320987654321,
  "recall": 0.25203252032520324,
  "brier": 0.04109287771013948,
  "ece": 0.006045022186742518,
  "threshold": 0.05988611505259149,
  "run_dir": "project/tuning/logistic_joint\\trial_14\\logreg_pw3.8131085392892405_C1.0231609326500124_fs0.485236275805212_ph6"
}