{
  "trial": 3,
  "params": {
    "n_estimators": 600,
    "learning_rate": 0.059317416015043034,
    "max_depth": 6,
    "subsample": 0.6732503941729779,
    "colsample_bytree": 0.510179309196727,
    "reg_lambda": 1.5009705205393762,
    "reg_alpha": 0.2061762591760109
  },
  "roc_auc": NaN,
  "duration_sec": 1.8730576038360596
}