{
  "readmission": {
    "n": 5695,
    "positives": 246,
    "prevalence": 0.04319578577699736,
    "roc_auc": 0.6107087598679253,
    "pr_auc": 0.061977685269707344,
    "brier": 0.041099881525928174,
    "ece": 0.008141410264096455,
    "threshold": 0.06413485758927202,
    "precision": 0.0819423368740516,
    "recall": 0.21951219512195122,
    "f1": 0.11933701657458563,
    "specificity": 0.8889704532941824,
    "accuracy": 0.8600526777875329,
    "cm": {
      "tp": 54,
      "tn": 4844,
      "fp": 605,
      "fn": 192
    },
    "calibration_bins": {
      "bin": [
        "(-0.001, 0.0201]",
        "(0.0201, 0.0256]",
        "(0.0256, 0.0309]",
        "(0.0309, 0.0364]",
        "(0.0364, 0.043]",
        "(0.043, 0.0477]",
        "(0.0477, 0.0532]",
        "(0.0532, 0.0585]",
        "(0.0585, 0.066]",
        "(0.066, 0.154]"
      ],
      "count": [
        585,
        554,
        570,
        575,
        564,
        571,
        570,
        567,
        617,
        522
      ],
      "mean_proba": [
        0.018906825061571667,
        0.02274874577584013,
        0.028335442759971692,
        0.03366203784110753,
        0.04017195795029401,
        0.04583563753147673,
        0.0506844359118512,
        0.0557324733095097,
        0.06216600230264283,
        0.07958401283663
      ],
      "empirical_rate": [
        0.02735042735042735,
        0.01263537906137184,
        0.03684210526315789,
        0.02434782608695652,
        0.0549645390070922,
        0.03852889667250438,
        0.043859649122807015,
        0.06172839506172839,
        0.05348460291734198,
        0.08045977011494253
      ]
    }
  }
}