{
  "readmission": {
    "n": 5695,
    "positives": 246,
    "prevalence": 0.04319578577699736,
    "roc_auc": 0.6134932642224202,
    "pr_auc": 0.062461380784740055,
    "brier": 0.041113126257135875,
    "ece": 0.0050246694605515264,
    "threshold": 0.056020318223649,
    "precision": 0.06822880771881461,
    "recall": 0.4024390243902439,
    "f1": 0.11667648791985857,
    "specificity": 0.751881079097082,
    "accuracy": 0.7367866549604917,
    "cm": {
      "tp": 99,
      "tn": 4097,
      "fp": 1352,
      "fn": 147
    },
    "calibration_bins": {
      "bin": [
        "(0.0013, 0.0194]",
        "(0.0194, 0.0251]",
        "(0.0251, 0.0314]",
        "(0.0314, 0.038]",
        "(0.038, 0.0421]",
        "(0.0421, 0.0467]",
        "(0.0467, 0.053]",
        "(0.053, 0.0592]",
        "(0.0592, 0.0689]",
        "(0.0689, 0.17]"
      ],
      "count": [
        747,
        393,
        588,
        550,
        571,
        570,
        569,
        568,
        571,
        568
      ],
      "mean_proba": [
        0.018291201838487915,
        0.022319220862282135,
        0.028338484786485856,
        0.0346144313973205,
        0.04028729258853615,
        0.04416041044497178,
        0.049716470803382505,
        0.0562438076780022,
        0.0627846279068351,
        0.08234693097154919
      ],
      "empirical_rate": [
        0.022757697456492636,
        0.015267175572519083,
        0.034013605442176874,
        0.034545454545454546,
        0.04203152364273205,
        0.043859649122807015,
        0.0421792618629174,
        0.06514084507042253,
        0.050788091068301226,
        0.07922535211267606
      ]
    }
  }
}