{
  "readmission": {
    "n": 5695,
    "positives": 246,
    "prevalence": 0.04319578577699736,
    "roc_auc": 0.6118072682837307,
    "pr_auc": 0.06177639689541696,
    "brier": 0.04109574665797265,
    "ece": 0.007203926313820692,
    "threshold": 0.05489029457953278,
    "precision": 0.06926698049764626,
    "recall": 0.4186991869918699,
    "f1": 0.11886901327178304,
    "specificity": 0.7460084419159478,
    "accuracy": 0.7318700614574188,
    "cm": {
      "tp": 103,
      "tn": 4065,
      "fp": 1384,
      "fn": 143
    },
    "calibration_bins": {
      "bin": [
        "(0.0027, 0.0201]",
        "(0.0201, 0.0232]",
        "(0.0232, 0.0299]",
        "(0.0299, 0.0378]",
        "(0.0378, 0.0441]",
        "(0.0441, 0.0491]",
        "(0.0491, 0.0543]",
        "(0.0543, 0.0584]",
        "(0.0584, 0.0651]",
        "(0.0651, 0.119]"
      ],
      "count": [
        587,
        568,
        559,
        564,
        603,
        541,
        567,
        567,
        588,
        551
      ],
      "mean_proba": [
        0.019608521604022516,
        0.02158748363504653,
        0.026314718764474623,
        0.0340235132810256,
        0.04113387839923108,
        0.04634058217376509,
        0.050974734189986846,
        0.05594739884265845,
        0.061590378979125025,
        0.07821336569600833
      ],
      "empirical_rate": [
        0.027257240204429302,
        0.01232394366197183,
        0.03041144901610018,
        0.051418439716312055,
        0.03150912106135987,
        0.04066543438077634,
        0.03880070546737213,
        0.059964726631393295,
        0.061224489795918366,
        0.07985480943738657
      ]
    }
  }
}