{
  "readmission": {
    "n": 5695,
    "positives": 246,
    "prevalence": 0.04319578577699736,
    "roc_auc": 0.6108859386446681,
    "pr_auc": 0.06192337204124896,
    "brier": 0.04108133765278202,
    "ece": 0.006907618390032481,
    "threshold": 0.05721874500808592,
    "precision": 0.06999195494770716,
    "recall": 0.35365853658536583,
    "f1": 0.11685695097380792,
    "specificity": 0.7878509818315287,
    "accuracy": 0.7690956979806848,
    "cm": {
      "tp": 87,
      "tn": 4293,
      "fp": 1156,
      "fn": 159
    },
    "calibration_bins": {
      "bin": [
        "(0.00263, 0.0199]",
        "(0.0199, 0.0242]",
        "(0.0242, 0.0299]",
        "(0.0299, 0.0375]",
        "(0.0375, 0.044]",
        "(0.044, 0.0476]",
        "(0.0476, 0.053]",
        "(0.053, 0.0585]",
        "(0.0585, 0.066]",
        "(0.066, 0.108]"
      ],
      "count": [
        581,
        578,
        555,
        564,
        570,
        585,
        557,
        566,
        569,
        570
      ],
      "mean_proba": [
        0.018740448864935123,
        0.022068333571418058,
        0.026933752783898528,
        0.033701936610151896,
        0.04096172819923344,
        0.04637494687553868,
        0.0505303596768973,
        0.055690920281797306,
        0.06191220788366587,
        0.07832196690709008
      ],
      "empirical_rate": [
        0.027538726333907058,
        0.015570934256055362,
        0.02882882882882883,
        0.044326241134751775,
        0.03333333333333333,
        0.04786324786324787,
        0.03770197486535009,
        0.061837455830388695,
        0.05272407732864675,
        0.0824561403508772
      ]
    }
  }
}