{
  "readmission": {
    "n": 5695,
    "positives": 246,
    "prevalence": 0.04319578577699736,
    "roc_auc": 0.5968276419780165,
    "pr_auc": 0.06042014329192618,
    "brier": 0.041145372790040644,
    "ece": 0.005482131197189334,
    "threshold": 0.06127496058735351,
    "precision": 0.07822685788787484,
    "recall": 0.24390243902439024,
    "f1": 0.11846001974333663,
    "specificity": 0.8702514222793173,
    "accuracy": 0.8431957857769974,
    "cm": {
      "tp": 60,
      "tn": 4742,
      "fp": 707,
      "fn": 186
    },
    "calibration_bins": {
      "bin": [
        "(-0.001, 0.0191]",
        "(0.0191, 0.0272]",
        "(0.0272, 0.0339]",
        "(0.0339, 0.0406]",
        "(0.0406, 0.0445]",
        "(0.0445, 0.0481]",
        "(0.0481, 0.0525]",
        "(0.0525, 0.0565]",
        "(0.0565, 0.0635]",
        "(0.0635, 0.106]"
      ],
      "count": [
        573,
        566,
        570,
        573,
        571,
        565,
        593,
        545,
        596,
        543
      ],
      "mean_proba": [
        0.017408876047437814,
        0.022970242781048287,
        0.03057285228830752,
        0.037353676115847785,
        0.0424448125172455,
        0.04619017359325803,
        0.05016878074999691,
        0.05393035592805224,
        0.060027362275685114,
        0.07408255425702591
      ],
      "empirical_rate": [
        0.02443280977312391,
        0.022968197879858657,
        0.04035087719298246,
        0.04013961605584642,
        0.03152364273204904,
        0.03893805309734513,
        0.047217537942664416,
        0.047706422018348627,
        0.0587248322147651,
        0.08103130755064457
      ]
    }
  }
}