{
  "readmission": {
    "n": 5695,
    "positives": 246,
    "prevalence": 0.04319578577699736,
    "roc_auc": 0.6071860727783274,
    "pr_auc": 0.060992152278023314,
    "brier": 0.04109908182926021,
    "ece": 0.005155389134275046,
    "threshold": 0.06086133419960362,
    "precision": 0.07625,
    "recall": 0.24796747967479674,
    "f1": 0.11663479923518165,
    "specificity": 0.8643787850981831,
    "accuracy": 0.8377524143985953,
    "cm": {
      "tp": 61,
      "tn": 4710,
      "fp": 739,
      "fn": 185
    },
    "calibration_bins": {
      "bin": [
        "(-0.001, 0.0206]",
        "(0.0206, 0.0251]",
        "(0.0251, 0.0318]",
        "(0.0318, 0.0371]",
        "(0.0371, 0.0432]",
        "(0.0432, 0.0483]",
        "(0.0483, 0.0528]",
        "(0.0528, 0.0574]",
        "(0.0574, 0.0641]",
        "(0.0641, 0.122]"
      ],
      "count": [
        591,
        548,
        570,
        570,
        573,
        565,
        659,
        480,
        617,
        522
      ],
      "mean_proba": [
        0.019242663685357934,
        0.022536598562598216,
        0.02862584050841851,
        0.03455181465280755,
        0.040237396108574096,
        0.04592974590644605,
        0.05097586898866072,
        0.055046341369709983,
        0.060752467623110255,
        0.08007049214332544
      ],
      "empirical_rate": [
        0.028764805414551606,
        0.010948905109489052,
        0.03859649122807018,
        0.02982456140350877,
        0.04363001745200698,
        0.04424778761061947,
        0.051593323216995446,
        0.04791666666666667,
        0.05834683954619125,
        0.07854406130268199
      ]
    }
  }
}