{
  "model_type": "logreg",
  "pos_weight": 1.6881573420733798,
  "C": 2.3659437277193374,
  "min_recall": null,
  "feature_select_C": 0.4461458286858656,
  "phenotype_clusters": 0,
  "stack_readmission": 0,
  "roc_auc": 0.6071860727783274,
  "pr_auc": 0.060992152278023314,
  "f1": 0.11663479923518165,
  "precision": 0.07625,
  "recall": 0.24796747967479674,
  "brier": 0.04109908182926021,
  "ece": 0.005155389134275046,
  "threshold": 0.06086133419960362,
  "run_dir": "project/tuning/logistic_joint\\trial_19\\logreg_pw1.6881573420733798_C2.3659437277193374_fs0.4461458286858656_ph0"
}