{
  "model_type": "logreg",
  "pos_weight": 2.6161691149323754,
  "C": 0.6010636629980917,
  "min_recall": null,
  "feature_select_C": 0.26019195029360126,
  "phenotype_clusters": 0,
  "stack_readmission": 0,
  "roc_auc": 0.6151718000020888,
  "pr_auc": 0.0629025799022441,
  "f1": 0.12209802235597593,
  "precision": 0.07742639040348964,
  "recall": 0.2886178861788618,
  "brier": 0.041114484081865764,
  "ece": 0.005405242034063446,
  "threshold": 0.061007595049619244,
  "run_dir": "project/tuning/logistic_joint\\trial_48\\logreg_pw2.6161691149323754_C0.6010636629980917_fs0.26019195029360126_ph0"
}