{
  "model_type": "hgb",
  "pos_weight": 2.168016854052887,
  "C": 0.9384383466084549,
  "min_recall": null,
  "feature_select_C": 0.8440957261905225,
  "phenotype_clusters": 4,
  "stack_readmission": 0,
  "roc_auc": 0.6217535252981452,
  "pr_auc": 0.06072470723798219,
  "f1": 0.1126855600539811,
  "precision": 0.06144223693892568,
  "recall": 0.6788617886178862,
  "brier": 0.041098530040566426,
  "ece": 0.006919297817886962,
  "threshold": 0.04523534937505373,
  "run_dir": "project/tuning/hgb_joint\\trial_5\\hgb_pw2.168016854052887_C0.9384383466084549_fs0.8440957261905225_ph4"
}