{
  "readmission": {
    "n": 5695,
    "positives": 246,
    "prevalence": 0.04319578577699736,
    "roc_auc": 0.6104834630654987,
    "pr_auc": 0.062391309106733676,
    "brier": 0.04109287771013948,
    "ece": 0.006045022186742518,
    "threshold": 0.05988611505259149,
    "precision": 0.07654320987654321,
    "recall": 0.25203252032520324,
    "f1": 0.11742424242424243,
    "specificity": 0.8627271058909892,
    "accuracy": 0.8363476733977173,
    "cm": {
      "tp": 62,
      "tn": 4701,
      "fp": 748,
      "fn": 184
    },
    "calibration_bins": {
      "bin": [
        "(-0.001, 0.021]",
        "(0.021, 0.0263]",
        "(0.0263, 0.033]",
        "(0.033, 0.0389]",
        "(0.0389, 0.0431]",
        "(0.0431, 0.0465]",
        "(0.0465, 0.0505]",
        "(0.0505, 0.0557]",
        "(0.0557, 0.0635]",
        "(0.0635, 0.143]"
      ],
      "count": [
        618,
        578,
        513,
        569,
        572,
        567,
        572,
        585,
        564,
        557
      ],
      "mean_proba": [
        0.020153863299903502,
        0.02410471821945079,
        0.029862764887192694,
        0.03611362729283822,
        0.041105641780458016,
        0.04491252385016295,
        0.0487428829322226,
        0.05338554906697011,
        0.05956454065160922,
        0.07945759843128838
      ],
      "empirical_rate": [
        0.030744336569579287,
        0.012110726643598616,
        0.01949317738791423,
        0.043936731107205626,
        0.04195804195804196,
        0.042328042328042326,
        0.04895104895104895,
        0.05982905982905983,
        0.051418439716312055,
        0.0807899461400359
      ]
    }
  }
}