target,auc,pr_auc,brier,threshold,f1_at_threshold,precision_at_threshold,recall_at_threshold
mortality,0.8514165041384696,0.415971053557866,0.07863094414700586,0.18561872909698995,0.4535853247237126,0.3502145922743775,0.6435331230273761
prolonged_los,0.8237580016079858,0.8133937011971265,0.17072885320302725,0.3731438127090301,0.7767776772730259,0.7031504617054039,0.8676273458442133
readmission,0.6161203592215772,0.05857983117779483,0.04128938094613646,0.0665551839464883,0.10165745816744054,0.06980273141112321,0.18699186991793906
