target,prevalence
mortality,0.10922628455027569
prolonged_los,0.522530116250483
readmission,0.04326906191830857
