{
  "model_type": "logreg",
  "pos_weight": 0.7731049202824612,
  "C": 0.539634961841116,
  "min_recall": null,
  "feature_select_C": 0.7321874446461474,
  "phenotype_clusters": 6,
  "stack_readmission": 0,
  "roc_auc": 0.6117061831289996,
  "pr_auc": 0.06170281104537766,
  "f1": 0.12036108324974924,
  "precision": 0.07989347536617843,
  "recall": 0.24390243902439024,
  "brier": 0.04108723441743664,
  "ece": 0.005660945878743307,
  "threshold": 0.06424976269384967,
  "run_dir": "project/tuning/logistic_joint\\trial_33\\logreg_pw0.7731049202824612_C0.539634961841116_fs0.7321874446461474_ph6"
}