{
  "readmission": {
    "n": 5695,
    "positives": 246,
    "prevalence": 0.04319578577699736,
    "roc_auc": 0.6328176871418191,
    "pr_auc": 0.06724782453779321,
    "brier": 0.04095899347789654,
    "ece": 0.00459144378004462,
    "threshold": 0.0680691343988666,
    "precision": 0.08782435129740519,
    "recall": 0.17886178861788618,
    "f1": 0.11780455153949129,
    "specificity": 0.9161314002569279,
    "accuracy": 0.8842844600526778,
    "cm": {
      "tp": 44,
      "tn": 4992,
      "fp": 457,
      "fn": 202
    },
    "calibration_bins": {
      "bin": [
        "(0.00259, 0.0156]",
        "(0.0156, 0.0281]",
        "(0.0281, 0.035]",
        "(0.035, 0.04]",
        "(0.04, 0.0447]",
        "(0.0447, 0.0491]",
        "(0.0491, 0.0535]",
        "(0.0535, 0.0589]",
        "(0.0589, 0.0669]",
        "(0.0669, 0.139]"
      ],
      "count": [
        571,
        568,
        570,
        573,
        567,
        568,
        570,
        569,
        573,
        566
      ],
      "mean_proba": [
        0.007928442198239813,
        0.022796590230213038,
        0.03159657222636959,
        0.037595829642983816,
        0.042436741992408426,
        0.04682554426604619,
        0.05115916140263655,
        0.056117424219513795,
        0.06247224632217657,
        0.0763814744515917
      ],
      "empirical_rate": [
        0.010507880910683012,
        0.017605633802816902,
        0.02982456140350877,
        0.04013961605584642,
        0.03880070546737213,
        0.04929577464788732,
        0.04736842105263158,
        0.06502636203866433,
        0.05235602094240838,
        0.0812720848056537
      ]
    }
  }
}