{
  "readmission": {
    "n": 5695,
    "positives": 246,
    "prevalence": 0.04319578577699736,
    "roc_auc": 0.6114857354299365,
    "pr_auc": 0.05967167001930358,
    "brier": 0.04112573487228243,
    "ece": 0.005499964321413871,
    "threshold": 0.056273093736570634,
    "precision": 0.06779661016949153,
    "recall": 0.37398373983739835,
    "f1": 0.11478477854023705,
    "specificity": 0.7678473114332905,
    "accuracy": 0.7508340649692713,
    "cm": {
      "tp": 92,
      "tn": 4184,
      "fp": 1265,
      "fn": 154
    },
    "calibration_bins": {
      "bin": [
        "(0.0032300000000000002, 0.0204]",
        "(0.0204, 0.0242]",
        "(0.0242, 0.0316]",
        "(0.0316, 0.0381]",
        "(0.0381, 0.0415]",
        "(0.0415, 0.0455]",
        "(0.0455, 0.052]",
        "(0.052, 0.0589]",
        "(0.0589, 0.0669]",
        "(0.0669, 0.153]"
      ],
      "count": [
        588,
        574,
        548,
        568,
        581,
        558,
        575,
        564,
        577,
        562
      ],
      "mean_proba": [
        0.019528598780532872,
        0.02230759509059649,
        0.027980178213154294,
        0.034813061545364316,
        0.04006221276535288,
        0.04353471691579886,
        0.048719187979234836,
        0.05544417242639299,
        0.06270302579499028,
        0.07924340802032613
      ],
      "empirical_rate": [
        0.027210884353741496,
        0.013937282229965157,
        0.023722627737226276,
        0.04225352112676056,
        0.039586919104991396,
        0.05017921146953405,
        0.04695652173913043,
        0.06028368794326241,
        0.05545927209705372,
        0.07295373665480427
      ]
    }
  }
}