{
  "readmission": {
    "n": 5695,
    "positives": 246,
    "prevalence": 0.04319578577699736,
    "roc_auc": 0.6169234453401609,
    "pr_auc": 0.06341156493096087,
    "brier": 0.041060602553077474,
    "ece": 0.00727480367255117,
    "threshold": 0.06821546450253803,
    "precision": 0.09555555555555556,
    "recall": 0.17479674796747968,
    "f1": 0.1235632183908046,
    "specificity": 0.92530739585245,
    "accuracy": 0.8928884986830553,
    "cm": {
      "tp": 43,
      "tn": 5042,
      "fp": 407,
      "fn": 203
    },
    "calibration_bins": {
      "bin": [
        "(-0.001, 0.0198]",
        "(0.0198, 0.0239]",
        "(0.0239, 0.031]",
        "(0.031, 0.0379]",
        "(0.0379, 0.0436]",
        "(0.0436, 0.0483]",
        "(0.0483, 0.0528]",
        "(0.0528, 0.0586]",
        "(0.0586, 0.0648]",
        "(0.0648, 0.132]"
      ],
      "count": [
        605,
        535,
        586,
        559,
        569,
        563,
        570,
        600,
        569,
        539
      ],
      "mean_proba": [
        0.019149534647564297,
        0.021696989702097092,
        0.02708343479983876,
        0.03453462585009262,
        0.041012288938182664,
        0.04611325025259934,
        0.05042160804744584,
        0.05598152654214519,
        0.06196726242864991,
        0.0798940958092935
      ],
      "empirical_rate": [
        0.026446280991735537,
        0.013084112149532711,
        0.034129692832764506,
        0.028622540250447227,
        0.050966608084358524,
        0.037300177619893425,
        0.043859649122807015,
        0.056666666666666664,
        0.05272407732864675,
        0.08905380333951762
      ]
    }
  }
}