{
  "model_type": "logreg",
  "pos_weight": 1.0375635724355319,
  "C": 0.8213330777480216,
  "min_recall": null,
  "feature_select_C": 0.6112093267997954,
  "phenotype_clusters": 6,
  "stack_readmission": 0,
  "roc_auc": 0.6169234453401609,
  "pr_auc": 0.06341156493096087,
  "f1": 0.1235632183908046,
  "precision": 0.09555555555555556,
  "recall": 0.17479674796747968,
  "brier": 0.041060602553077474,
  "ece": 0.00727480367255117,
  "threshold": 0.06821546450253803,
  "run_dir": "project/tuning/logistic_joint\\trial_2\\logreg_pw1.0375635724355319_C0.8213330777480216_fs0.6112093267997954_ph6"
}