{
  "readmission": {
    "n": 5695,
    "positives": 246,
    "prevalence": 0.04319578577699736,
    "roc_auc": 0.6171547102698042,
    "pr_auc": 0.0640074106991486,
    "brier": 0.041044270312302567,
    "ece": 0.005346793674941941,
    "threshold": 0.062240862740317246,
    "precision": 0.07730426164519326,
    "recall": 0.3170731707317073,
    "f1": 0.12430278884462151,
    "specificity": 0.8291429620113783,
    "accuracy": 0.8070237050043898,
    "cm": {
      "tp": 78,
      "tn": 4518,
      "fp": 931,
      "fn": 168
    },
    "calibration_bins": {
      "bin": [
        "(0.00247, 0.0185]",
        "(0.0185, 0.0234]",
        "(0.0234, 0.0296]",
        "(0.0296, 0.0373]",
        "(0.0373, 0.0439]",
        "(0.0439, 0.0484]",
        "(0.0484, 0.0533]",
        "(0.0533, 0.0602]",
        "(0.0602, 0.068]",
        "(0.068, 0.103]"
      ],
      "count": [
        576,
        563,
        599,
        544,
        605,
        555,
        585,
        529,
        569,
        570
      ],
      "mean_proba": [
        0.01730006977848915,
        0.021017812662121497,
        0.02647650100583998,
        0.03358477549197022,
        0.04091847290933506,
        0.046286563763513124,
        0.05113372467813012,
        0.056905190352513596,
        0.06367972721925096,
        0.07951256984292297
      ],
      "empirical_rate": [
        0.03125,
        0.008880994671403197,
        0.0333889816360601,
        0.029411764705882353,
        0.03966942148760331,
        0.04864864864864865,
        0.04957264957264957,
        0.04725897920604915,
        0.06502636203866433,
        0.07894736842105263
      ]
    }
  }
}